game_id,repetition,black_agent,white_agent,winner,black_score,white_score,disc_diff
1,1,minimax+mobility,minimax+mobility,white,19,45,-26
2,2,minimax+mobility,minimax+mobility,white,19,45,-26
3,3,minimax+mobility,minimax+mobility,white,19,45,-26
4,4,minimax+mobility,minimax+mobility,white,19,45,-26
5,5,minimax+mobility,minimax+mobility,white,19,45,-26
6,6,minimax+mobility,minimax+mobility,white,19,45,-26
7,7,minimax+mobility,minimax+mobility,white,19,45,-26
8,8,minimax+mobility,minimax+mobility,white,19,45,-26
9,9,minimax+mobility,minimax+mobility,white,19,45,-26
10,10,minimax+mobility,minimax+mobility,white,19,45,-26
11,11,minimax+mobility,minimax+mobility,white,19,45,-26
12,12,minimax+mobility,minimax+mobility,white,19,45,-26
13,13,minimax+mobility,minimax+mobility,white,19,45,-26
14,14,minimax+mobility,minimax+mobility,white,19,45,-26
15,15,minimax+mobility,minimax+mobility,white,19,45,-26
16,16,minimax+mobility,minimax+mobility,white,19,45,-26
17,17,minimax+mobility,minimax+mobility,white,19,45,-26
18,18,minimax+mobility,minimax+mobility,white,19,45,-26
19,19,minimax+mobility,minimax+mobility,white,19,45,-26
20,20,minimax+mobility,minimax+mobility,white,19,45,-26
21,21,minimax+mobility,minimax+mobility,white,19,45,-26
22,22,minimax+mobility,minimax+mobility,white,19,45,-26
23,23,minimax+mobility,minimax+mobility,white,19,45,-26
24,24,minimax+mobility,minimax+mobility,white,19,45,-26
25,25,minimax+mobility,minimax+mobility,white,19,45,-26
26,26,minimax+mobility,minimax+mobility,white,19,45,-26
27,27,minimax+mobility,minimax+mobility,white,19,45,-26
28,28,minimax+mobility,minimax+mobility,black,50,14,36
29,29,minimax+mobility,minimax+mobility,white,19,45,-26
30,30,minimax+mobility,minimax+mobility,white,19,45,-26
31,31,minimax+mobility,minimax+mobility,white,19,45,-26
32,32,minimax+mobility,minimax+mobility,white,19,45,-26
33,1,minimax+mobility,minimax+corner,white,21,43,-22
34,2,minimax+mobility,minimax+corner,white,21,43,-22
35,3,minimax+mobility,minimax+corner,white,21,43,-22
36,4,minimax+mobility,minimax+corner,white,21,43,-22
37,5,minimax+mobility,minimax+corner,white,21,43,-22
38,6,minimax+mobility,minimax+corner,white,21,43,-22
39,7,minimax+mobility,minimax+corner,white,21,43,-22
40,8,minimax+mobility,minimax+corner,white,21,43,-22
41,9,minimax+mobility,minimax+corner,white,21,43,-22
42,10,minimax+mobility,minimax+corner,white,21,43,-22
43,11,minimax+mobility,minimax+corner,white,21,43,-22
44,12,minimax+mobility,minimax+corner,white,21,43,-22
45,13,minimax+mobility,minimax+corner,white,21,43,-22
46,14,minimax+mobility,minimax+corner,white,21,43,-22
47,15,minimax+mobility,minimax+corner,white,21,43,-22
48,16,minimax+mobility,minimax+corner,white,21,43,-22
49,17,minimax+mobility,minimax+corner,white,21,43,-22
50,18,minimax+mobility,minimax+corner,white,21,43,-22
51,19,minimax+mobility,minimax+corner,white,21,43,-22
52,20,minimax+mobility,minimax+corner,white,21,43,-22
53,21,minimax+mobility,minimax+corner,white,21,43,-22
54,22,minimax+mobility,minimax+corner,white,21,43,-22
55,23,minimax+mobility,minimax+corner,white,21,43,-22
56,24,minimax+mobility,minimax+corner,white,21,43,-22
57,25,minimax+mobility,minimax+corner,white,21,43,-22
58,26,minimax+mobility,minimax+corner,white,21,43,-22
59,27,minimax+mobility,minimax+corner,white,21,43,-22
60,28,minimax+mobility,minimax+corner,white,21,43,-22
61,29,minimax+mobility,minimax+corner,white,21,43,-22
62,30,minimax+mobility,minimax+corner,white,21,43,-22
63,31,minimax+mobility,minimax+corner,white,21,43,-22
64,32,minimax+mobility,minimax+corner,white,21,43,-22
65,1,minimax+mobility,minimax+frontier,white,28,36,-8
66,2,minimax+mobility,minimax+frontier,white,28,36,-8
67,3,minimax+mobility,minimax+frontier,white,28,36,-8
68,4,minimax+mobility,minimax+frontier,white,28,36,-8
69,5,minimax+mobility,minimax+frontier,white,28,36,-8
70,6,minimax+mobility,minimax+frontier,white,28,36,-8
71,7,minimax+mobility,minimax+frontier,white,28,36,-8
72,8,minimax+mobility,minimax+frontier,white,28,36,-8
73,9,minimax+mobility,minimax+frontier,white,20,44,-24
74,10,minimax+mobility,minimax+frontier,white,28,36,-8
75,11,minimax+mobility,minimax+frontier,white,28,36,-8
76,12,minimax+mobility,minimax+frontier,white,28,36,-8
77,13,minimax+mobility,minimax+frontier,white,28,36,-8
78,14,minimax+mobility,minimax+frontier,white,28,36,-8
79,15,minimax+mobility,minimax+frontier,white,28,36,-8
80,16,minimax+mobility,minimax+frontier,white,28,36,-8
81,17,minimax+mobility,minimax+frontier,white,28,36,-8
82,18,minimax+mobility,minimax+frontier,white,28,36,-8
83,19,minimax+mobility,minimax+frontier,white,28,36,-8
84,20,minimax+mobility,minimax+frontier,white,28,36,-8
85,21,minimax+mobility,minimax+frontier,white,28,36,-8
86,22,minimax+mobility,minimax+frontier,white,28,36,-8
87,23,minimax+mobility,minimax+frontier,white,28,36,-8
88,24,minimax+mobility,minimax+frontier,white,28,36,-8
89,25,minimax+mobility,minimax+frontier,white,28,36,-8
90,26,minimax+mobility,minimax+frontier,white,28,36,-8
91,27,minimax+mobility,minimax+frontier,white,28,36,-8
92,28,minimax+mobility,minimax+frontier,white,28,36,-8
93,29,minimax+mobility,minimax+frontier,white,28,36,-8
94,30,minimax+mobility,minimax+frontier,white,28,36,-8
95,31,minimax+mobility,minimax+frontier,white,28,36,-8
96,32,minimax+mobility,minimax+frontier,white,28,36,-8
97,1,minimax+mobility,alphabeta+mobility,white,11,53,-42
98,2,minimax+mobility,alphabeta+mobility,white,11,53,-42
99,3,minimax+mobility,alphabeta+mobility,white,11,53,-42
100,4,minimax+mobility,alphabeta+mobility,white,11,53,-42
101,5,minimax+mobility,alphabeta+mobility,white,11,53,-42
102,6,minimax+mobility,alphabeta+mobility,white,11,53,-42
103,7,minimax+mobility,alphabeta+mobility,white,11,53,-42
104,8,minimax+mobility,alphabeta+mobility,white,11,53,-42
105,9,minimax+mobility,alphabeta+mobility,white,11,53,-42
106,10,minimax+mobility,alphabeta+mobility,white,11,53,-42
107,11,minimax+mobility,alphabeta+mobility,white,11,53,-42
108,12,minimax+mobility,alphabeta+mobility,white,11,53,-42
109,13,minimax+mobility,alphabeta+mobility,white,11,53,-42
110,14,minimax+mobility,alphabeta+mobility,white,11,53,-42
111,15,minimax+mobility,alphabeta+mobility,white,11,53,-42
112,16,minimax+mobility,alphabeta+mobility,white,11,53,-42
113,17,minimax+mobility,alphabeta+mobility,white,11,53,-42
114,18,minimax+mobility,alphabeta+mobility,white,11,53,-42
115,19,minimax+mobility,alphabeta+mobility,white,11,53,-42
116,20,minimax+mobility,alphabeta+mobility,white,11,53,-42
117,21,minimax+mobility,alphabeta+mobility,white,11,53,-42
118,22,minimax+mobility,alphabeta+mobility,white,11,53,-42
119,23,minimax+mobility,alphabeta+mobility,white,11,53,-42
120,24,minimax+mobility,alphabeta+mobility,white,11,53,-42
121,25,minimax+mobility,alphabeta+mobility,white,11,53,-42
122,26,minimax+mobility,alphabeta+mobility,white,11,53,-42
123,27,minimax+mobility,alphabeta+mobility,white,11,53,-42
124,28,minimax+mobility,alphabeta+mobility,white,11,53,-42
125,29,minimax+mobility,alphabeta+mobility,white,11,53,-42
126,30,minimax+mobility,alphabeta+mobility,white,11,53,-42
127,31,minimax+mobility,alphabeta+mobility,white,11,53,-42
128,32,minimax+mobility,alphabeta+mobility,white,11,53,-42
129,1,minimax+mobility,alphabeta+corner,white,21,43,-22
130,2,minimax+mobility,alphabeta+corner,white,21,43,-22
131,3,minimax+mobility,alphabeta+corner,white,21,43,-22
132,4,minimax+mobility,alphabeta+corner,white,21,43,-22
133,5,minimax+mobility,alphabeta+corner,white,21,43,-22
134,6,minimax+mobility,alphabeta+corner,white,21,43,-22
135,7,minimax+mobility,alphabeta+corner,white,21,43,-22
136,8,minimax+mobility,alphabeta+corner,white,21,43,-22
137,9,minimax+mobility,alphabeta+corner,white,21,43,-22
138,10,minimax+mobility,alphabeta+corner,white,21,43,-22
139,11,minimax+mobility,alphabeta+corner,white,21,43,-22
140,12,minimax+mobility,alphabeta+corner,white,21,43,-22
141,13,minimax+mobility,alphabeta+corner,white,21,43,-22
142,14,minimax+mobility,alphabeta+corner,white,21,43,-22
143,15,minimax+mobility,alphabeta+corner,white,21,43,-22
144,16,minimax+mobility,alphabeta+corner,white,21,43,-22
145,17,minimax+mobility,alphabeta+corner,white,21,43,-22
146,18,minimax+mobility,alphabeta+corner,white,21,43,-22
147,19,minimax+mobility,alphabeta+corner,white,21,43,-22
148,20,minimax+mobility,alphabeta+corner,white,21,43,-22
149,21,minimax+mobility,alphabeta+corner,white,21,43,-22
150,22,minimax+mobility,alphabeta+corner,white,21,43,-22
151,23,minimax+mobility,alphabeta+corner,white,21,43,-22
152,24,minimax+mobility,alphabeta+corner,white,21,43,-22
153,25,minimax+mobility,alphabeta+corner,white,21,43,-22
154,26,minimax+mobility,alphabeta+corner,white,21,43,-22
155,27,minimax+mobility,alphabeta+corner,white,21,43,-22
156,28,minimax+mobility,alphabeta+corner,white,21,43,-22
157,29,minimax+mobility,alphabeta+corner,white,21,43,-22
158,30,minimax+mobility,alphabeta+corner,white,21,43,-22
159,31,minimax+mobility,alphabeta+corner,white,21,43,-22
160,32,minimax+mobility,alphabeta+corner,white,21,43,-22
161,1,minimax+mobility,alphabeta+frontier,white,31,33,-2
162,2,minimax+mobility,alphabeta+frontier,white,31,33,-2
163,3,minimax+mobility,alphabeta+frontier,white,31,33,-2
164,4,minimax+mobility,alphabeta+frontier,white,31,33,-2
165,5,minimax+mobility,alphabeta+frontier,white,31,33,-2
166,6,minimax+mobility,alphabeta+frontier,white,31,33,-2
167,7,minimax+mobility,alphabeta+frontier,white,31,33,-2
168,8,minimax+mobility,alphabeta+frontier,white,31,33,-2
169,9,minimax+mobility,alphabeta+frontier,white,31,33,-2
170,10,minimax+mobility,alphabeta+frontier,white,31,33,-2
171,11,minimax+mobility,alphabeta+frontier,white,31,33,-2
172,12,minimax+mobility,alphabeta+frontier,white,31,33,-2
173,13,minimax+mobility,alphabeta+frontier,white,31,33,-2
174,14,minimax+mobility,alphabeta+frontier,white,31,33,-2
175,15,minimax+mobility,alphabeta+frontier,white,31,33,-2
176,16,minimax+mobility,alphabeta+frontier,white,31,33,-2
177,17,minimax+mobility,alphabeta+frontier,white,31,33,-2
178,18,minimax+mobility,alphabeta+frontier,white,31,33,-2
179,19,minimax+mobility,alphabeta+frontier,white,31,33,-2
180,20,minimax+mobility,alphabeta+frontier,white,31,33,-2
181,21,minimax+mobility,alphabeta+frontier,white,31,33,-2
182,22,minimax+mobility,alphabeta+frontier,white,31,33,-2
183,23,minimax+mobility,alphabeta+frontier,white,31,33,-2
184,24,minimax+mobility,alphabeta+frontier,white,31,33,-2
185,25,minimax+mobility,alphabeta+frontier,white,31,33,-2
186,26,minimax+mobility,alphabeta+frontier,white,31,33,-2
187,27,minimax+mobility,alphabeta+frontier,white,31,33,-2
188,28,minimax+mobility,alphabeta+frontier,white,31,33,-2
189,29,minimax+mobility,alphabeta+frontier,white,31,33,-2
190,30,minimax+mobility,alphabeta+frontier,white,31,33,-2
191,31,minimax+mobility,alphabeta+frontier,white,31,33,-2
192,32,minimax+mobility,alphabeta+frontier,white,31,33,-2
193,1,minimax+mobility,random,white,12,52,-40
194,2,minimax+mobility,random,black,50,14,36
195,3,minimax+mobility,random,black,36,28,8
196,4,minimax+mobility,random,black,46,18,28
197,5,minimax+mobility,random,black,36,28,8
198,6,minimax+mobility,random,black,51,13,38
199,7,minimax+mobility,random,black,44,20,24
200,8,minimax+mobility,random,black,54,10,44
201,9,minimax+mobility,random,black,45,19,26
202,10,minimax+mobility,random,black,33,31,2
203,11,minimax+mobility,random,black,41,23,18
204,12,minimax+mobility,random,black,45,19,26
205,13,minimax+mobility,random,black,50,14,36
206,14,minimax+mobility,random,black,34,30,4
207,15,minimax+mobility,random,black,55,9,46
208,16,minimax+mobility,random,black,45,19,26
209,17,minimax+mobility,random,black,61,3,58
210,18,minimax+mobility,random,white,29,35,-6
211,19,minimax+mobility,random,white,17,47,-30
212,20,minimax+mobility,random,draw,32,32,0
213,21,minimax+mobility,random,black,52,12,40
214,22,minimax+mobility,random,white,24,40,-16
215,23,minimax+mobility,random,black,60,4,56
216,24,minimax+mobility,random,black,41,23,18
217,25,minimax+mobility,random,black,44,20,24
218,26,minimax+mobility,random,white,30,34,-4
219,27,minimax+mobility,random,white,16,48,-32
220,28,minimax+mobility,random,black,48,16,32
221,29,minimax+mobility,random,white,23,41,-18
222,30,minimax+mobility,random,white,30,34,-4
223,31,minimax+mobility,random,black,36,28,8
224,32,minimax+mobility,random,black,43,21,22
225,1,minimax+corner,minimax+mobility,white,27,37,-10
226,2,minimax+corner,minimax+mobility,white,27,37,-10
227,3,minimax+corner,minimax+mobility,white,27,37,-10
228,4,minimax+corner,minimax+mobility,white,27,37,-10
229,5,minimax+corner,minimax+mobility,white,27,37,-10
230,6,minimax+corner,minimax+mobility,white,27,37,-10
231,7,minimax+corner,minimax+mobility,white,27,37,-10
232,8,minimax+corner,minimax+mobility,white,27,37,-10
233,9,minimax+corner,minimax+mobility,white,27,37,-10
234,10,minimax+corner,minimax+mobility,white,27,37,-10
235,11,minimax+corner,minimax+mobility,white,27,37,-10
236,12,minimax+corner,minimax+mobility,white,27,37,-10
237,13,minimax+corner,minimax+mobility,white,27,37,-10
238,14,minimax+corner,minimax+mobility,white,27,37,-10
239,15,minimax+corner,minimax+mobility,white,27,37,-10
240,16,minimax+corner,minimax+mobility,white,27,37,-10
241,17,minimax+corner,minimax+mobility,white,27,37,-10
242,18,minimax+corner,minimax+mobility,white,27,37,-10
243,19,minimax+corner,minimax+mobility,white,27,37,-10
244,20,minimax+corner,minimax+mobility,white,27,37,-10
245,21,minimax+corner,minimax+mobility,white,27,37,-10
246,22,minimax+corner,minimax+mobility,white,27,37,-10
247,23,minimax+corner,minimax+mobility,white,27,37,-10
248,24,minimax+corner,minimax+mobility,white,27,37,-10
249,25,minimax+corner,minimax+mobility,white,27,37,-10
250,26,minimax+corner,minimax+mobility,white,27,37,-10
251,27,minimax+corner,minimax+mobility,white,27,37,-10
252,28,minimax+corner,minimax+mobility,white,27,37,-10
253,29,minimax+corner,minimax+mobility,white,27,37,-10
254,30,minimax+corner,minimax+mobility,white,27,37,-10
255,31,minimax+corner,minimax+mobility,white,27,37,-10
256,32,minimax+corner,minimax+mobility,white,27,37,-10
257,1,minimax+corner,minimax+corner,white,31,33,-2
258,2,minimax+corner,minimax+corner,white,31,33,-2
259,3,minimax+corner,minimax+corner,white,31,33,-2
260,4,minimax+corner,minimax+corner,white,31,33,-2
261,5,minimax+corner,minimax+corner,white,31,33,-2
262,6,minimax+corner,minimax+corner,white,31,33,-2
263,7,minimax+corner,minimax+corner,white,31,33,-2
264,8,minimax+corner,minimax+corner,white,31,33,-2
265,9,minimax+corner,minimax+corner,white,31,33,-2
266,10,minimax+corner,minimax+corner,white,31,33,-2
267,11,minimax+corner,minimax+corner,white,31,33,-2
268,12,minimax+corner,minimax+corner,white,31,33,-2
269,13,minimax+corner,minimax+corner,white,31,33,-2
270,14,minimax+corner,minimax+corner,white,31,33,-2
271,15,minimax+corner,minimax+corner,white,31,33,-2
272,16,minimax+corner,minimax+corner,white,31,33,-2
273,17,minimax+corner,minimax+corner,white,31,33,-2
274,18,minimax+corner,minimax+corner,white,31,33,-2
275,19,minimax+corner,minimax+corner,white,31,33,-2
276,20,minimax+corner,minimax+corner,white,31,33,-2
277,21,minimax+corner,minimax+corner,white,31,33,-2
278,22,minimax+corner,minimax+corner,white,31,33,-2
279,23,minimax+corner,minimax+corner,white,31,33,-2
280,24,minimax+corner,minimax+corner,white,31,33,-2
281,25,minimax+corner,minimax+corner,white,31,33,-2
282,26,minimax+corner,minimax+corner,white,31,33,-2
283,27,minimax+corner,minimax+corner,white,31,33,-2
284,28,minimax+corner,minimax+corner,white,31,33,-2
285,29,minimax+corner,minimax+corner,white,31,33,-2
286,30,minimax+corner,minimax+corner,white,31,33,-2
287,31,minimax+corner,minimax+corner,white,31,33,-2
288,32,minimax+corner,minimax+corner,white,31,33,-2
289,1,minimax+corner,minimax+frontier,black,39,25,14
290,2,minimax+corner,minimax+frontier,black,39,25,14
291,3,minimax+corner,minimax+frontier,black,39,25,14
292,4,minimax+corner,minimax+frontier,black,39,25,14
293,5,minimax+corner,minimax+frontier,black,39,25,14
294,6,minimax+corner,minimax+frontier,black,39,25,14
295,7,minimax+corner,minimax+frontier,black,39,25,14
296,8,minimax+corner,minimax+frontier,black,39,25,14
297,9,minimax+corner,minimax+frontier,black,39,25,14
298,10,minimax+corner,minimax+frontier,black,39,25,14
299,11,minimax+corner,minimax+frontier,black,39,25,14
300,12,minimax+corner,minimax+frontier,black,39,25,14
301,13,minimax+corner,minimax+frontier,black,39,25,14
302,14,minimax+corner,minimax+frontier,black,39,25,14
303,15,minimax+corner,minimax+frontier,black,39,25,14
304,16,minimax+corner,minimax+frontier,black,39,25,14
305,17,minimax+corner,minimax+frontier,black,39,25,14
306,18,minimax+corner,minimax+frontier,black,39,25,14
307,19,minimax+corner,minimax+frontier,black,39,25,14
308,20,minimax+corner,minimax+frontier,black,39,25,14
309,21,minimax+corner,minimax+frontier,black,39,25,14
310,22,minimax+corner,minimax+frontier,black,39,25,14
311,23,minimax+corner,minimax+frontier,black,39,25,14
312,24,minimax+corner,minimax+frontier,black,39,25,14
313,25,minimax+corner,minimax+frontier,black,39,25,14
314,26,minimax+corner,minimax+frontier,black,39,25,14
315,27,minimax+corner,minimax+frontier,black,39,25,14
316,28,minimax+corner,minimax+frontier,black,39,25,14
317,29,minimax+corner,minimax+frontier,black,39,25,14
318,30,minimax+corner,minimax+frontier,black,39,25,14
319,31,minimax+corner,minimax+frontier,black,39,25,14
320,32,minimax+corner,minimax+frontier,black,39,25,14
321,1,minimax+corner,alphabeta+mobility,black,57,7,50
322,2,minimax+corner,alphabeta+mobility,black,57,7,50
323,3,minimax+corner,alphabeta+mobility,black,57,7,50
324,4,minimax+corner,alphabeta+mobility,black,57,7,50
325,5,minimax+corner,alphabeta+mobility,black,57,7,50
326,6,minimax+corner,alphabeta+mobility,black,57,7,50
327,7,minimax+corner,alphabeta+mobility,black,57,7,50
328,8,minimax+corner,alphabeta+mobility,black,57,7,50
329,9,minimax+corner,alphabeta+mobility,black,57,7,50
330,10,minimax+corner,alphabeta+mobility,black,57,7,50
331,11,minimax+corner,alphabeta+mobility,black,57,7,50
332,12,minimax+corner,alphabeta+mobility,black,57,7,50
333,13,minimax+corner,alphabeta+mobility,black,57,7,50
334,14,minimax+corner,alphabeta+mobility,black,57,7,50
335,15,minimax+corner,alphabeta+mobility,black,57,7,50
336,16,minimax+corner,alphabeta+mobility,black,57,7,50
337,17,minimax+corner,alphabeta+mobility,black,57,7,50
338,18,minimax+corner,alphabeta+mobility,black,57,7,50
339,19,minimax+corner,alphabeta+mobility,black,57,7,50
340,20,minimax+corner,alphabeta+mobility,black,57,7,50
341,21,minimax+corner,alphabeta+mobility,black,57,7,50
342,22,minimax+corner,alphabeta+mobility,black,57,7,50
343,23,minimax+corner,alphabeta+mobility,black,57,7,50
344,24,minimax+corner,alphabeta+mobility,black,57,7,50
345,25,minimax+corner,alphabeta+mobility,black,57,7,50
346,26,minimax+corner,alphabeta+mobility,black,57,7,50
347,27,minimax+corner,alphabeta+mobility,black,57,7,50
348,28,minimax+corner,alphabeta+mobility,black,57,7,50
349,29,minimax+corner,alphabeta+mobility,black,57,7,50
350,30,minimax+corner,alphabeta+mobility,black,57,7,50
351,31,minimax+corner,alphabeta+mobility,black,57,7,50
352,32,minimax+corner,alphabeta+mobility,black,57,7,50
353,1,minimax+corner,alphabeta+corner,black,33,31,2
354,2,minimax+corner,alphabeta+corner,black,33,31,2
355,3,minimax+corner,alphabeta+corner,black,33,31,2
356,4,minimax+corner,alphabeta+corner,black,33,31,2
357,5,minimax+corner,alphabeta+corner,black,33,31,2
358,6,minimax+corner,alphabeta+corner,black,33,31,2
359,7,minimax+corner,alphabeta+corner,black,33,31,2
360,8,minimax+corner,alphabeta+corner,black,33,31,2
361,9,minimax+corner,alphabeta+corner,black,33,31,2
362,10,minimax+corner,alphabeta+corner,black,33,31,2
363,11,minimax+corner,alphabeta+corner,black,33,31,2
364,12,minimax+corner,alphabeta+corner,black,33,31,2
365,13,minimax+corner,alphabeta+corner,black,33,31,2
366,14,minimax+corner,alphabeta+corner,black,33,31,2
367,15,minimax+corner,alphabeta+corner,black,33,31,2
368,16,minimax+corner,alphabeta+corner,black,33,31,2
369,17,minimax+corner,alphabeta+corner,black,33,31,2
370,18,minimax+corner,alphabeta+corner,black,33,31,2
371,19,minimax+corner,alphabeta+corner,black,33,31,2
372,20,minimax+corner,alphabeta+corner,black,33,31,2
373,21,minimax+corner,alphabeta+corner,black,33,31,2
374,22,minimax+corner,alphabeta+corner,black,33,31,2
375,23,minimax+corner,alphabeta+corner,black,33,31,2
376,24,minimax+corner,alphabeta+corner,black,33,31,2
377,25,minimax+corner,alphabeta+corner,black,33,31,2
378,26,minimax+corner,alphabeta+corner,black,33,31,2
379,27,minimax+corner,alphabeta+corner,black,33,31,2
380,28,minimax+corner,alphabeta+corner,black,33,31,2
381,29,minimax+corner,alphabeta+corner,black,33,31,2
382,30,minimax+corner,alphabeta+corner,black,33,31,2
383,31,minimax+corner,alphabeta+corner,black,33,31,2
384,32,minimax+corner,alphabeta+corner,black,33,31,2
385,1,minimax+corner,alphabeta+frontier,black,35,0,35
386,2,minimax+corner,alphabeta+frontier,black,35,0,35
387,3,minimax+corner,alphabeta+frontier,black,35,0,35
388,4,minimax+corner,alphabeta+frontier,black,35,0,35
389,5,minimax+corner,alphabeta+frontier,black,35,0,35
390,6,minimax+corner,alphabeta+frontier,black,35,0,35
391,7,minimax+corner,alphabeta+frontier,black,35,0,35
392,8,minimax+corner,alphabeta+frontier,black,35,0,35
393,9,minimax+corner,alphabeta+frontier,black,35,0,35
394,10,minimax+corner,alphabeta+frontier,black,35,0,35
395,11,minimax+corner,alphabeta+frontier,black,35,0,35
396,12,minimax+corner,alphabeta+frontier,black,35,0,35
397,13,minimax+corner,alphabeta+frontier,black,35,0,35
398,14,minimax+corner,alphabeta+frontier,black,35,0,35
399,15,minimax+corner,alphabeta+frontier,black,35,0,35
400,16,minimax+corner,alphabeta+frontier,black,35,0,35
401,17,minimax+corner,alphabeta+frontier,black,35,0,35
402,18,minimax+corner,alphabeta+frontier,black,35,0,35
403,19,minimax+corner,alphabeta+frontier,black,35,0,35
404,20,minimax+corner,alphabeta+frontier,black,35,0,35
405,21,minimax+corner,alphabeta+frontier,black,35,0,35
406,22,minimax+corner,alphabeta+frontier,black,35,0,35
407,23,minimax+corner,alphabeta+frontier,black,35,0,35
408,24,minimax+corner,alphabeta+frontier,black,35,0,35
409,25,minimax+corner,alphabeta+frontier,black,35,0,35
410,26,minimax+corner,alphabeta+frontier,black,35,0,35
411,27,minimax+corner,alphabeta+frontier,black,35,0,35
412,28,minimax+corner,alphabeta+frontier,black,35,0,35
413,29,minimax+corner,alphabeta+frontier,black,35,0,35
414,30,minimax+corner,alphabeta+frontier,black,35,0,35
415,31,minimax+corner,alphabeta+frontier,black,35,0,35
416,32,minimax+corner,alphabeta+frontier,black,35,0,35
417,1,minimax+corner,random,black,52,12,40
418,2,minimax+corner,random,black,46,18,28
419,3,minimax+corner,random,black,46,18,28
420,4,minimax+corner,random,black,46,18,28
421,5,minimax+corner,random,black,51,13,38
422,6,minimax+corner,random,black,35,29,6
423,7,minimax+corner,random,black,46,18,28
424,8,minimax+corner,random,black,48,16,32
425,9,minimax+corner,random,black,35,29,6
426,10,minimax+corner,random,black,45,19,26
427,11,minimax+corner,random,black,50,13,37
428,12,minimax+corner,random,white,27,37,-10
429,13,minimax+corner,random,black,33,31,2
430,14,minimax+corner,random,black,54,10,44
431,15,minimax+corner,random,black,36,28,8
432,16,minimax+corner,random,black,37,27,10
433,17,minimax+corner,random,black,48,16,32
434,18,minimax+corner,random,black,43,21,22
435,19,minimax+corner,random,black,49,15,34
436,20,minimax+corner,random,black,39,25,14
437,21,minimax+corner,random,black,42,22,20
438,22,minimax+corner,random,black,50,14,36
439,23,minimax+corner,random,black,49,15,34
440,24,minimax+corner,random,black,44,20,24
441,25,minimax+corner,random,black,43,21,22
442,26,minimax+corner,random,black,40,24,16
443,27,minimax+corner,random,black,38,26,12
444,28,minimax+corner,random,black,33,31,2
445,29,minimax+corner,random,black,49,15,34
446,30,minimax+corner,random,black,46,18,28
447,31,minimax+corner,random,black,41,23,18
448,32,minimax+corner,random,black,37,27,10
449,1,minimax+frontier,minimax+mobility,white,23,41,-18
450,2,minimax+frontier,minimax+mobility,white,23,41,-18
451,3,minimax+frontier,minimax+mobility,white,23,41,-18
452,4,minimax+frontier,minimax+mobility,white,23,41,-18
453,5,minimax+frontier,minimax+mobility,white,23,41,-18
454,6,minimax+frontier,minimax+mobility,white,23,41,-18
455,7,minimax+frontier,minimax+mobility,white,23,41,-18
456,8,minimax+frontier,minimax+mobility,white,23,41,-18
457,9,minimax+frontier,minimax+mobility,white,23,41,-18
458,10,minimax+frontier,minimax+mobility,white,23,41,-18
459,11,minimax+frontier,minimax+mobility,white,23,41,-18
460,12,minimax+frontier,minimax+mobility,white,23,41,-18
461,13,minimax+frontier,minimax+mobility,white,23,41,-18
462,14,minimax+frontier,minimax+mobility,white,23,41,-18
463,15,minimax+frontier,minimax+mobility,white,23,41,-18
464,16,minimax+frontier,minimax+mobility,white,23,41,-18
465,17,minimax+frontier,minimax+mobility,white,23,41,-18
466,18,minimax+frontier,minimax+mobility,white,23,41,-18
467,19,minimax+frontier,minimax+mobility,white,23,41,-18
468,20,minimax+frontier,minimax+mobility,white,23,41,-18
469,21,minimax+frontier,minimax+mobility,white,23,41,-18
470,22,minimax+frontier,minimax+mobility,white,23,41,-18
471,23,minimax+frontier,minimax+mobility,white,23,41,-18
472,24,minimax+frontier,minimax+mobility,white,23,41,-18
473,25,minimax+frontier,minimax+mobility,white,23,41,-18
474,26,minimax+frontier,minimax+mobility,white,23,41,-18
475,27,minimax+frontier,minimax+mobility,white,23,41,-18
476,28,minimax+frontier,minimax+mobility,white,23,41,-18
477,29,minimax+frontier,minimax+mobility,white,23,41,-18
478,30,minimax+frontier,minimax+mobility,white,23,41,-18
479,31,minimax+frontier,minimax+mobility,white,23,41,-18
480,32,minimax+frontier,minimax+mobility,white,23,41,-18
481,1,minimax+frontier,minimax+corner,black,48,16,32
482,2,minimax+frontier,minimax+corner,black,48,16,32
483,3,minimax+frontier,minimax+corner,black,48,16,32
484,4,minimax+frontier,minimax+corner,black,48,16,32
485,5,minimax+frontier,minimax+corner,black,48,16,32
486,6,minimax+frontier,minimax+corner,black,48,16,32
487,7,minimax+frontier,minimax+corner,black,48,16,32
488,8,minimax+frontier,minimax+corner,black,48,16,32
489,9,minimax+frontier,minimax+corner,black,48,16,32
490,10,minimax+frontier,minimax+corner,black,48,16,32
491,11,minimax+frontier,minimax+corner,black,48,16,32
492,12,minimax+frontier,minimax+corner,black,48,16,32
493,13,minimax+frontier,minimax+corner,black,48,16,32
494,14,minimax+frontier,minimax+corner,black,48,16,32
495,15,minimax+frontier,minimax+corner,black,48,16,32
496,16,minimax+frontier,minimax+corner,black,48,16,32
497,17,minimax+frontier,minimax+corner,black,48,16,32
498,18,minimax+frontier,minimax+corner,black,48,16,32
499,19,minimax+frontier,minimax+corner,black,48,16,32
500,20,minimax+frontier,minimax+corner,black,48,16,32
501,21,minimax+frontier,minimax+corner,black,48,16,32
502,22,minimax+frontier,minimax+corner,black,48,16,32
503,23,minimax+frontier,minimax+corner,black,48,16,32
504,24,minimax+frontier,minimax+corner,black,48,16,32
505,25,minimax+frontier,minimax+corner,black,48,16,32
506,26,minimax+frontier,minimax+corner,black,48,16,32
507,27,minimax+frontier,minimax+corner,black,48,16,32
508,28,minimax+frontier,minimax+corner,black,48,16,32
509,29,minimax+frontier,minimax+corner,black,48,16,32
510,30,minimax+frontier,minimax+corner,black,48,16,32
511,31,minimax+frontier,minimax+corner,black,48,16,32
512,32,minimax+frontier,minimax+corner,black,48,16,32
513,1,minimax+frontier,minimax+frontier,white,21,43,-22
514,2,minimax+frontier,minimax+frontier,white,21,43,-22
515,3,minimax+frontier,minimax+frontier,white,21,43,-22
516,4,minimax+frontier,minimax+frontier,white,21,43,-22
517,5,minimax+frontier,minimax+frontier,white,21,43,-22
518,6,minimax+frontier,minimax+frontier,white,21,43,-22
519,7,minimax+frontier,minimax+frontier,white,21,43,-22
520,8,minimax+frontier,minimax+frontier,white,21,43,-22
521,9,minimax+frontier,minimax+frontier,white,21,43,-22
522,10,minimax+frontier,minimax+frontier,white,21,43,-22
523,11,minimax+frontier,minimax+frontier,white,21,43,-22
524,12,minimax+frontier,minimax+frontier,white,21,43,-22
525,13,minimax+frontier,minimax+frontier,white,21,43,-22
526,14,minimax+frontier,minimax+frontier,white,21,43,-22
527,15,minimax+frontier,minimax+frontier,white,21,43,-22
528,16,minimax+frontier,minimax+frontier,white,21,43,-22
529,17,minimax+frontier,minimax+frontier,white,21,43,-22
530,18,minimax+frontier,minimax+frontier,white,21,43,-22
531,19,minimax+frontier,minimax+frontier,white,21,43,-22
532,20,minimax+frontier,minimax+frontier,white,21,43,-22
533,21,minimax+frontier,minimax+frontier,white,21,43,-22
534,22,minimax+frontier,minimax+frontier,white,21,43,-22
535,23,minimax+frontier,minimax+frontier,white,21,43,-22
536,24,minimax+frontier,minimax+frontier,white,21,43,-22
537,25,minimax+frontier,minimax+frontier,white,21,43,-22
538,26,minimax+frontier,minimax+frontier,white,21,43,-22
539,27,minimax+frontier,minimax+frontier,white,21,43,-22
540,28,minimax+frontier,minimax+frontier,white,21,43,-22
541,29,minimax+frontier,minimax+frontier,white,21,43,-22
542,30,minimax+frontier,minimax+frontier,white,21,43,-22
543,31,minimax+frontier,minimax+frontier,white,21,43,-22
544,32,minimax+frontier,minimax+frontier,white,21,43,-22
545,1,minimax+frontier,alphabeta+mobility,white,27,37,-10
546,2,minimax+frontier,alphabeta+mobility,white,27,37,-10
547,3,minimax+frontier,alphabeta+mobility,white,27,37,-10
548,4,minimax+frontier,alphabeta+mobility,white,27,37,-10
549,5,minimax+frontier,alphabeta+mobility,white,27,37,-10
550,6,minimax+frontier,alphabeta+mobility,white,27,37,-10
551,7,minimax+frontier,alphabeta+mobility,white,27,37,-10
552,8,minimax+frontier,alphabeta+mobility,white,27,37,-10
553,9,minimax+frontier,alphabeta+mobility,white,27,37,-10
554,10,minimax+frontier,alphabeta+mobility,white,27,37,-10
555,11,minimax+frontier,alphabeta+mobility,white,27,37,-10
556,12,minimax+frontier,alphabeta+mobility,white,27,37,-10
557,13,minimax+frontier,alphabeta+mobility,white,27,37,-10
558,14,minimax+frontier,alphabeta+mobility,white,27,37,-10
559,15,minimax+frontier,alphabeta+mobility,white,27,37,-10
560,16,minimax+frontier,alphabeta+mobility,white,27,37,-10
561,17,minimax+frontier,alphabeta+mobility,white,27,37,-10
562,18,minimax+frontier,alphabeta+mobility,white,27,37,-10
563,19,minimax+frontier,alphabeta+mobility,white,27,37,-10
564,20,minimax+frontier,alphabeta+mobility,white,27,37,-10
565,21,minimax+frontier,alphabeta+mobility,white,27,37,-10
566,22,minimax+frontier,alphabeta+mobility,white,27,37,-10
567,23,minimax+frontier,alphabeta+mobility,white,27,37,-10
568,24,minimax+frontier,alphabeta+mobility,white,27,37,-10
569,25,minimax+frontier,alphabeta+mobility,white,27,37,-10
570,26,minimax+frontier,alphabeta+mobility,white,27,37,-10
571,27,minimax+frontier,alphabeta+mobility,white,27,37,-10
572,28,minimax+frontier,alphabeta+mobility,white,27,37,-10
573,29,minimax+frontier,alphabeta+mobility,white,27,37,-10
574,30,minimax+frontier,alphabeta+mobility,white,27,37,-10
575,31,minimax+frontier,alphabeta+mobility,white,27,37,-10
576,32,minimax+frontier,alphabeta+mobility,white,27,37,-10
577,1,minimax+frontier,alphabeta+corner,white,24,40,-16
578,2,minimax+frontier,alphabeta+corner,white,24,40,-16
579,3,minimax+frontier,alphabeta+corner,white,24,40,-16
580,4,minimax+frontier,alphabeta+corner,white,24,40,-16
581,5,minimax+frontier,alphabeta+corner,white,24,40,-16
582,6,minimax+frontier,alphabeta+corner,white,24,40,-16
583,7,minimax+frontier,alphabeta+corner,white,24,40,-16
584,8,minimax+frontier,alphabeta+corner,white,24,40,-16
585,9,minimax+frontier,alphabeta+corner,white,24,40,-16
586,10,minimax+frontier,alphabeta+corner,white,24,40,-16
587,11,minimax+frontier,alphabeta+corner,white,24,40,-16
588,12,minimax+frontier,alphabeta+corner,white,24,40,-16
589,13,minimax+frontier,alphabeta+corner,white,24,40,-16
590,14,minimax+frontier,alphabeta+corner,white,24,40,-16
591,15,minimax+frontier,alphabeta+corner,white,24,40,-16
592,16,minimax+frontier,alphabeta+corner,white,24,40,-16
593,17,minimax+frontier,alphabeta+corner,white,24,40,-16
594,18,minimax+frontier,alphabeta+corner,white,24,40,-16
595,19,minimax+frontier,alphabeta+corner,white,24,40,-16
596,20,minimax+frontier,alphabeta+corner,white,24,40,-16
597,21,minimax+frontier,alphabeta+corner,white,24,40,-16
598,22,minimax+frontier,alphabeta+corner,white,24,40,-16
599,23,minimax+frontier,alphabeta+corner,white,24,40,-16
600,24,minimax+frontier,alphabeta+corner,white,24,40,-16
601,25,minimax+frontier,alphabeta+corner,white,24,40,-16
602,26,minimax+frontier,alphabeta+corner,white,24,40,-16
603,27,minimax+frontier,alphabeta+corner,white,24,40,-16
604,28,minimax+frontier,alphabeta+corner,white,24,40,-16
605,29,minimax+frontier,alphabeta+corner,white,24,40,-16
606,30,minimax+frontier,alphabeta+corner,white,24,40,-16
607,31,minimax+frontier,alphabeta+corner,white,24,40,-16
608,32,minimax+frontier,alphabeta+corner,white,24,40,-16
609,1,minimax+frontier,alphabeta+frontier,white,23,41,-18
610,2,minimax+frontier,alphabeta+frontier,white,23,41,-18
611,3,minimax+frontier,alphabeta+frontier,white,23,41,-18
612,4,minimax+frontier,alphabeta+frontier,white,23,41,-18
613,5,minimax+frontier,alphabeta+frontier,white,23,41,-18
614,6,minimax+frontier,alphabeta+frontier,white,23,41,-18
615,7,minimax+frontier,alphabeta+frontier,white,23,41,-18
616,8,minimax+frontier,alphabeta+frontier,white,23,41,-18
617,9,minimax+frontier,alphabeta+frontier,white,23,41,-18
618,10,minimax+frontier,alphabeta+frontier,white,23,41,-18
619,11,minimax+frontier,alphabeta+frontier,white,23,41,-18
620,12,minimax+frontier,alphabeta+frontier,white,23,41,-18
621,13,minimax+frontier,alphabeta+frontier,white,23,41,-18
622,14,minimax+frontier,alphabeta+frontier,white,23,41,-18
623,15,minimax+frontier,alphabeta+frontier,white,23,41,-18
624,16,minimax+frontier,alphabeta+frontier,white,23,41,-18
625,17,minimax+frontier,alphabeta+frontier,white,23,41,-18
626,18,minimax+frontier,alphabeta+frontier,white,23,41,-18
627,19,minimax+frontier,alphabeta+frontier,white,23,41,-18
628,20,minimax+frontier,alphabeta+frontier,white,23,41,-18
629,21,minimax+frontier,alphabeta+frontier,white,23,41,-18
630,22,minimax+frontier,alphabeta+frontier,white,23,41,-18
631,23,minimax+frontier,alphabeta+frontier,white,23,41,-18
632,24,minimax+frontier,alphabeta+frontier,white,23,41,-18
633,25,minimax+frontier,alphabeta+frontier,white,23,41,-18
634,26,minimax+frontier,alphabeta+frontier,white,23,41,-18
635,27,minimax+frontier,alphabeta+frontier,white,23,41,-18
636,28,minimax+frontier,alphabeta+frontier,white,23,41,-18
637,29,minimax+frontier,alphabeta+frontier,white,23,41,-18
638,30,minimax+frontier,alphabeta+frontier,white,23,41,-18
639,31,minimax+frontier,alphabeta+frontier,white,23,41,-18
640,32,minimax+frontier,alphabeta+frontier,white,23,41,-18
641,1,minimax+frontier,random,black,41,23,18
642,2,minimax+frontier,random,black,39,25,14
643,3,minimax+frontier,random,black,55,9,46
644,4,minimax+frontier,random,black,47,17,30
645,5,minimax+frontier,random,white,31,33,-2
646,6,minimax+frontier,random,black,40,24,16
647,7,minimax+frontier,random,black,38,26,12
648,8,minimax+frontier,random,black,61,3,58
649,9,minimax+frontier,random,white,14,49,-35
650,10,minimax+frontier,random,black,37,27,10
651,11,minimax+frontier,random,black,39,25,14
652,12,minimax+frontier,random,black,51,13,38
653,13,minimax+frontier,random,white,29,35,-6
654,14,minimax+frontier,random,draw,32,32,0
655,15,minimax+frontier,random,black,47,17,30
656,16,minimax+frontier,random,black,41,23,18
657,17,minimax+frontier,random,black,57,7,50
658,18,minimax+frontier,random,black,37,27,10
659,19,minimax+frontier,random,black,38,26,12
660,20,minimax+frontier,random,black,35,29,6
661,21,minimax+frontier,random,black,47,17,30
662,22,minimax+frontier,random,black,58,6,52
663,23,minimax+frontier,random,black,38,26,12
664,24,minimax+frontier,random,black,37,27,10
665,25,minimax+frontier,random,draw,32,32,0
666,26,minimax+frontier,random,black,49,15,34
667,27,minimax+frontier,random,draw,32,32,0
668,28,minimax+frontier,random,white,26,37,-11
669,29,minimax+frontier,random,black,35,29,6
670,30,minimax+frontier,random,black,53,11,42
671,31,minimax+frontier,random,black,47,17,30
672,32,minimax+frontier,random,black,49,15,34
673,1,alphabeta+mobility,minimax+mobility,white,22,42,-20
674,2,alphabeta+mobility,minimax+mobility,white,22,42,-20
675,3,alphabeta+mobility,minimax+mobility,white,22,42,-20
676,4,alphabeta+mobility,minimax+mobility,white,22,42,-20
677,5,alphabeta+mobility,minimax+mobility,black,58,6,52
678,6,alphabeta+mobility,minimax+mobility,white,22,42,-20
679,7,alphabeta+mobility,minimax+mobility,white,22,42,-20
680,8,alphabeta+mobility,minimax+mobility,white,22,42,-20
681,9,alphabeta+mobility,minimax+mobility,white,22,42,-20
682,10,alphabeta+mobility,minimax+mobility,white,22,42,-20
683,11,alphabeta+mobility,minimax+mobility,white,22,42,-20
684,12,alphabeta+mobility,minimax+mobility,white,22,42,-20
685,13,alphabeta+mobility,minimax+mobility,black,58,6,52
686,14,alphabeta+mobility,minimax+mobility,white,22,42,-20
687,15,alphabeta+mobility,minimax+mobility,white,22,42,-20
688,16,alphabeta+mobility,minimax+mobility,black,58,6,52
689,17,alphabeta+mobility,minimax+mobility,white,22,42,-20
690,18,alphabeta+mobility,minimax+mobility,white,22,42,-20
691,19,alphabeta+mobility,minimax+mobility,black,58,6,52
692,20,alphabeta+mobility,minimax+mobility,black,58,6,52
693,21,alphabeta+mobility,minimax+mobility,white,22,42,-20
694,22,alphabeta+mobility,minimax+mobility,white,22,42,-20
695,23,alphabeta+mobility,minimax+mobility,white,22,42,-20
696,24,alphabeta+mobility,minimax+mobility,white,22,42,-20
697,25,alphabeta+mobility,minimax+mobility,white,22,42,-20
698,26,alphabeta+mobility,minimax+mobility,white,22,42,-20
699,27,alphabeta+mobility,minimax+mobility,white,22,42,-20
700,28,alphabeta+mobility,minimax+mobility,white,22,42,-20
701,29,alphabeta+mobility,minimax+mobility,white,22,42,-20
702,30,alphabeta+mobility,minimax+mobility,white,22,42,-20
703,31,alphabeta+mobility,minimax+mobility,white,22,42,-20
704,32,alphabeta+mobility,minimax+mobility,white,22,42,-20
705,1,alphabeta+mobility,minimax+corner,draw,32,32,0
706,2,alphabeta+mobility,minimax+corner,draw,32,32,0
707,3,alphabeta+mobility,minimax+corner,draw,32,32,0
708,4,alphabeta+mobility,minimax+corner,draw,32,32,0
709,5,alphabeta+mobility,minimax+corner,draw,32,32,0
710,6,alphabeta+mobility,minimax+corner,draw,32,32,0
711,7,alphabeta+mobility,minimax+corner,draw,32,32,0
712,8,alphabeta+mobility,minimax+corner,draw,32,32,0
713,9,alphabeta+mobility,minimax+corner,draw,32,32,0
714,10,alphabeta+mobility,minimax+corner,draw,32,32,0
715,11,alphabeta+mobility,minimax+corner,draw,32,32,0
716,12,alphabeta+mobility,minimax+corner,draw,32,32,0
717,13,alphabeta+mobility,minimax+corner,draw,32,32,0
718,14,alphabeta+mobility,minimax+corner,draw,32,32,0
719,15,alphabeta+mobility,minimax+corner,draw,32,32,0
720,16,alphabeta+mobility,minimax+corner,draw,32,32,0
721,17,alphabeta+mobility,minimax+corner,draw,32,32,0
722,18,alphabeta+mobility,minimax+corner,draw,32,32,0
723,19,alphabeta+mobility,minimax+corner,draw,32,32,0
724,20,alphabeta+mobility,minimax+corner,draw,32,32,0
725,21,alphabeta+mobility,minimax+corner,draw,32,32,0
726,22,alphabeta+mobility,minimax+corner,draw,32,32,0
727,23,alphabeta+mobility,minimax+corner,draw,32,32,0
728,24,alphabeta+mobility,minimax+corner,draw,32,32,0
729,25,alphabeta+mobility,minimax+corner,draw,32,32,0
730,26,alphabeta+mobility,minimax+corner,draw,32,32,0
731,27,alphabeta+mobility,minimax+corner,draw,32,32,0
732,28,alphabeta+mobility,minimax+corner,draw,32,32,0
733,29,alphabeta+mobility,minimax+corner,draw,32,32,0
734,30,alphabeta+mobility,minimax+corner,draw,32,32,0
735,31,alphabeta+mobility,minimax+corner,draw,32,32,0
736,32,alphabeta+mobility,minimax+corner,draw,32,32,0
737,1,alphabeta+mobility,minimax+frontier,black,34,30,4
738,2,alphabeta+mobility,minimax+frontier,white,25,39,-14
739,3,alphabeta+mobility,minimax+frontier,black,34,30,4
740,4,alphabeta+mobility,minimax+frontier,white,25,39,-14
741,5,alphabeta+mobility,minimax+frontier,white,25,39,-14
742,6,alphabeta+mobility,minimax+frontier,white,25,39,-14
743,7,alphabeta+mobility,minimax+frontier,black,34,30,4
744,8,alphabeta+mobility,minimax+frontier,white,25,39,-14
745,9,alphabeta+mobility,minimax+frontier,white,25,39,-14
746,10,alphabeta+mobility,minimax+frontier,white,25,39,-14
747,11,alphabeta+mobility,minimax+frontier,black,34,30,4
748,12,alphabeta+mobility,minimax+frontier,white,25,39,-14
749,13,alphabeta+mobility,minimax+frontier,white,25,39,-14
750,14,alphabeta+mobility,minimax+frontier,white,25,39,-14
751,15,alphabeta+mobility,minimax+frontier,white,25,39,-14
752,16,alphabeta+mobility,minimax+frontier,white,25,39,-14
753,17,alphabeta+mobility,minimax+frontier,black,34,30,4
754,18,alphabeta+mobility,minimax+frontier,white,25,39,-14
755,19,alphabeta+mobility,minimax+frontier,white,25,39,-14
756,20,alphabeta+mobility,minimax+frontier,white,25,39,-14
757,21,alphabeta+mobility,minimax+frontier,white,25,39,-14
758,22,alphabeta+mobility,minimax+frontier,white,25,39,-14
759,23,alphabeta+mobility,minimax+frontier,white,25,39,-14
760,24,alphabeta+mobility,minimax+frontier,white,25,39,-14
761,25,alphabeta+mobility,minimax+frontier,black,34,30,4
762,26,alphabeta+mobility,minimax+frontier,black,34,30,4
763,27,alphabeta+mobility,minimax+frontier,white,25,39,-14
764,28,alphabeta+mobility,minimax+frontier,white,25,39,-14
765,29,alphabeta+mobility,minimax+frontier,white,25,39,-14
766,30,alphabeta+mobility,minimax+frontier,white,25,39,-14
767,31,alphabeta+mobility,minimax+frontier,white,25,39,-14
768,32,alphabeta+mobility,minimax+frontier,white,25,39,-14
769,1,alphabeta+mobility,alphabeta+mobility,white,18,46,-28
770,2,alphabeta+mobility,alphabeta+mobility,white,18,46,-28
771,3,alphabeta+mobility,alphabeta+mobility,white,18,46,-28
772,4,alphabeta+mobility,alphabeta+mobility,white,18,46,-28
773,5,alphabeta+mobility,alphabeta+mobility,white,18,46,-28
774,6,alphabeta+mobility,alphabeta+mobility,white,18,46,-28
775,7,alphabeta+mobility,alphabeta+mobility,white,18,46,-28
776,8,alphabeta+mobility,alphabeta+mobility,white,18,46,-28
777,9,alphabeta+mobility,alphabeta+mobility,white,18,46,-28
778,10,alphabeta+mobility,alphabeta+mobility,white,18,46,-28
779,11,alphabeta+mobility,alphabeta+mobility,white,18,46,-28
780,12,alphabeta+mobility,alphabeta+mobility,white,18,46,-28
781,13,alphabeta+mobility,alphabeta+mobility,white,18,46,-28
782,14,alphabeta+mobility,alphabeta+mobility,white,18,46,-28
783,15,alphabeta+mobility,alphabeta+mobility,white,18,46,-28
784,16,alphabeta+mobility,alphabeta+mobility,white,18,46,-28
785,17,alphabeta+mobility,alphabeta+mobility,white,18,46,-28
786,18,alphabeta+mobility,alphabeta+mobility,white,18,46,-28
787,19,alphabeta+mobility,alphabeta+mobility,white,18,46,-28
788,20,alphabeta+mobility,alphabeta+mobility,white,18,46,-28
789,21,alphabeta+mobility,alphabeta+mobility,white,18,46,-28
790,22,alphabeta+mobility,alphabeta+mobility,white,18,46,-28
791,23,alphabeta+mobility,alphabeta+mobility,white,18,46,-28
792,24,alphabeta+mobility,alphabeta+mobility,white,18,46,-28
793,25,alphabeta+mobility,alphabeta+mobility,white,18,46,-28
794,26,alphabeta+mobility,alphabeta+mobility,white,18,46,-28
795,27,alphabeta+mobility,alphabeta+mobility,white,18,46,-28
796,28,alphabeta+mobility,alphabeta+mobility,white,18,46,-28
797,29,alphabeta+mobility,alphabeta+mobility,white,18,46,-28
798,30,alphabeta+mobility,alphabeta+mobility,white,18,46,-28
799,31,alphabeta+mobility,alphabeta+mobility,white,18,46,-28
800,32,alphabeta+mobility,alphabeta+mobility,white,18,46,-28
801,1,alphabeta+mobility,alphabeta+corner,black,51,13,38
802,2,alphabeta+mobility,alphabeta+corner,black,51,13,38
803,3,alphabeta+mobility,alphabeta+corner,black,51,13,38
804,4,alphabeta+mobility,alphabeta+corner,black,51,13,38
805,5,alphabeta+mobility,alphabeta+corner,black,51,13,38
806,6,alphabeta+mobility,alphabeta+corner,black,51,13,38
807,7,alphabeta+mobility,alphabeta+corner,black,51,13,38
808,8,alphabeta+mobility,alphabeta+corner,black,51,13,38
809,9,alphabeta+mobility,alphabeta+corner,black,51,13,38
810,10,alphabeta+mobility,alphabeta+corner,black,51,13,38
811,11,alphabeta+mobility,alphabeta+corner,black,51,13,38
812,12,alphabeta+mobility,alphabeta+corner,black,51,13,38
813,13,alphabeta+mobility,alphabeta+corner,black,51,13,38
814,14,alphabeta+mobility,alphabeta+corner,black,51,13,38
815,15,alphabeta+mobility,alphabeta+corner,black,51,13,38
816,16,alphabeta+mobility,alphabeta+corner,black,51,13,38
817,17,alphabeta+mobility,alphabeta+corner,black,51,13,38
818,18,alphabeta+mobility,alphabeta+corner,black,51,13,38
819,19,alphabeta+mobility,alphabeta+corner,black,51,13,38
820,20,alphabeta+mobility,alphabeta+corner,black,51,13,38
821,21,alphabeta+mobility,alphabeta+corner,black,51,13,38
822,22,alphabeta+mobility,alphabeta+corner,black,51,13,38
823,23,alphabeta+mobility,alphabeta+corner,black,51,13,38
824,24,alphabeta+mobility,alphabeta+corner,black,51,13,38
825,25,alphabeta+mobility,alphabeta+corner,black,51,13,38
826,26,alphabeta+mobility,alphabeta+corner,black,51,13,38
827,27,alphabeta+mobility,alphabeta+corner,black,51,13,38
828,28,alphabeta+mobility,alphabeta+corner,black,51,13,38
829,29,alphabeta+mobility,alphabeta+corner,black,51,13,38
830,30,alphabeta+mobility,alphabeta+corner,black,51,13,38
831,31,alphabeta+mobility,alphabeta+corner,black,51,13,38
832,32,alphabeta+mobility,alphabeta+corner,black,51,13,38
833,1,alphabeta+mobility,alphabeta+frontier,black,50,14,36
834,2,alphabeta+mobility,alphabeta+frontier,black,50,14,36
835,3,alphabeta+mobility,alphabeta+frontier,black,50,14,36
836,4,alphabeta+mobility,alphabeta+frontier,black,50,14,36
837,5,alphabeta+mobility,alphabeta+frontier,black,50,14,36
838,6,alphabeta+mobility,alphabeta+frontier,black,50,14,36
839,7,alphabeta+mobility,alphabeta+frontier,black,50,14,36
840,8,alphabeta+mobility,alphabeta+frontier,black,50,14,36
841,9,alphabeta+mobility,alphabeta+frontier,black,50,14,36
842,10,alphabeta+mobility,alphabeta+frontier,black,50,14,36
843,11,alphabeta+mobility,alphabeta+frontier,black,50,14,36
844,12,alphabeta+mobility,alphabeta+frontier,black,50,14,36
845,13,alphabeta+mobility,alphabeta+frontier,black,50,14,36
846,14,alphabeta+mobility,alphabeta+frontier,black,50,14,36
847,15,alphabeta+mobility,alphabeta+frontier,black,50,14,36
848,16,alphabeta+mobility,alphabeta+frontier,black,50,14,36
849,17,alphabeta+mobility,alphabeta+frontier,black,50,14,36
850,18,alphabeta+mobility,alphabeta+frontier,black,50,14,36
851,19,alphabeta+mobility,alphabeta+frontier,black,50,14,36
852,20,alphabeta+mobility,alphabeta+frontier,black,50,14,36
853,21,alphabeta+mobility,alphabeta+frontier,black,50,14,36
854,22,alphabeta+mobility,alphabeta+frontier,black,50,14,36
855,23,alphabeta+mobility,alphabeta+frontier,black,50,14,36
856,24,alphabeta+mobility,alphabeta+frontier,black,50,14,36
857,25,alphabeta+mobility,alphabeta+frontier,black,50,14,36
858,26,alphabeta+mobility,alphabeta+frontier,black,50,14,36
859,27,alphabeta+mobility,alphabeta+frontier,black,50,14,36
860,28,alphabeta+mobility,alphabeta+frontier,black,50,14,36
861,29,alphabeta+mobility,alphabeta+frontier,black,50,14,36
862,30,alphabeta+mobility,alphabeta+frontier,black,50,14,36
863,31,alphabeta+mobility,alphabeta+frontier,black,50,14,36
864,32,alphabeta+mobility,alphabeta+frontier,black,50,14,36
865,1,alphabeta+mobility,random,white,23,41,-18
866,2,alphabeta+mobility,random,black,45,19,26
867,3,alphabeta+mobility,random,black,35,29,6
868,4,alphabeta+mobility,random,white,31,33,-2
869,5,alphabeta+mobility,random,black,49,15,34
870,6,alphabeta+mobility,random,black,40,24,16
871,7,alphabeta+mobility,random,white,21,43,-22
872,8,alphabeta+mobility,random,black,58,6,52
873,9,alphabeta+mobility,random,white,26,38,-12
874,10,alphabeta+mobility,random,black,44,20,24
875,11,alphabeta+mobility,random,black,40,24,16
876,12,alphabeta+mobility,random,black,36,28,8
877,13,alphabeta+mobility,random,black,46,18,28
878,14,alphabeta+mobility,random,black,45,19,26
879,15,alphabeta+mobility,random,white,27,37,-10
880,16,alphabeta+mobility,random,black,41,23,18
881,17,alphabeta+mobility,random,black,47,17,30
882,18,alphabeta+mobility,random,black,52,12,40
883,19,alphabeta+mobility,random,black,44,20,24
884,20,alphabeta+mobility,random,black,48,16,32
885,21,alphabeta+mobility,random,black,43,21,22
886,22,alphabeta+mobility,random,black,41,23,18
887,23,alphabeta+mobility,random,black,43,21,22
888,24,alphabeta+mobility,random,black,40,24,16
889,25,alphabeta+mobility,random,black,47,17,30
890,26,alphabeta+mobility,random,black,42,22,20
891,27,alphabeta+mobility,random,black,62,2,60
892,28,alphabeta+mobility,random,black,50,14,36
893,29,alphabeta+mobility,random,black,50,14,36
894,30,alphabeta+mobility,random,black,49,15,34
895,31,alphabeta+mobility,random,black,55,9,46
896,32,alphabeta+mobility,random,black,42,22,20
897,1,alphabeta+corner,minimax+mobility,white,31,33,-2
898,2,alphabeta+corner,minimax+mobility,white,31,33,-2
899,3,alphabeta+corner,minimax+mobility,white,31,33,-2
900,4,alphabeta+corner,minimax+mobility,white,31,33,-2
901,5,alphabeta+corner,minimax+mobility,white,31,33,-2
902,6,alphabeta+corner,minimax+mobility,white,31,33,-2
903,7,alphabeta+corner,minimax+mobility,white,31,33,-2
904,8,alphabeta+corner,minimax+mobility,white,31,33,-2
905,9,alphabeta+corner,minimax+mobility,white,31,33,-2
906,10,alphabeta+corner,minimax+mobility,white,31,33,-2
907,11,alphabeta+corner,minimax+mobility,white,31,33,-2
908,12,alphabeta+corner,minimax+mobility,white,31,33,-2
909,13,alphabeta+corner,minimax+mobility,white,31,33,-2
910,14,alphabeta+corner,minimax+mobility,white,31,33,-2
911,15,alphabeta+corner,minimax+mobility,white,31,33,-2
912,16,alphabeta+corner,minimax+mobility,white,31,33,-2
913,17,alphabeta+corner,minimax+mobility,white,31,33,-2
914,18,alphabeta+corner,minimax+mobility,white,31,33,-2
915,19,alphabeta+corner,minimax+mobility,white,31,33,-2
916,20,alphabeta+corner,minimax+mobility,white,31,33,-2
917,21,alphabeta+corner,minimax+mobility,white,31,33,-2
918,22,alphabeta+corner,minimax+mobility,white,31,33,-2
919,23,alphabeta+corner,minimax+mobility,white,31,33,-2
920,24,alphabeta+corner,minimax+mobility,white,31,33,-2
921,25,alphabeta+corner,minimax+mobility,white,21,43,-22
922,26,alphabeta+corner,minimax+mobility,white,31,33,-2
923,27,alphabeta+corner,minimax+mobility,white,31,33,-2
924,28,alphabeta+corner,minimax+mobility,white,31,33,-2
925,29,alphabeta+corner,minimax+mobility,white,31,33,-2
926,30,alphabeta+corner,minimax+mobility,white,31,33,-2
927,31,alphabeta+corner,minimax+mobility,white,31,33,-2
928,32,alphabeta+corner,minimax+mobility,white,31,33,-2
929,1,alphabeta+corner,minimax+corner,black,41,23,18
930,2,alphabeta+corner,minimax+corner,black,41,23,18
931,3,alphabeta+corner,minimax+corner,black,41,23,18
932,4,alphabeta+corner,minimax+corner,black,41,23,18
933,5,alphabeta+corner,minimax+corner,black,41,23,18
934,6,alphabeta+corner,minimax+corner,black,41,23,18
935,7,alphabeta+corner,minimax+corner,black,41,23,18
936,8,alphabeta+corner,minimax+corner,black,41,23,18
937,9,alphabeta+corner,minimax+corner,black,41,23,18
938,10,alphabeta+corner,minimax+corner,black,41,23,18
939,11,alphabeta+corner,minimax+corner,black,41,23,18
940,12,alphabeta+corner,minimax+corner,black,41,23,18
941,13,alphabeta+corner,minimax+corner,black,41,23,18
942,14,alphabeta+corner,minimax+corner,black,41,23,18
943,15,alphabeta+corner,minimax+corner,black,41,23,18
944,16,alphabeta+corner,minimax+corner,black,41,23,18
945,17,alphabeta+corner,minimax+corner,black,41,23,18
946,18,alphabeta+corner,minimax+corner,black,41,23,18
947,19,alphabeta+corner,minimax+corner,black,41,23,18
948,20,alphabeta+corner,minimax+corner,black,41,23,18
949,21,alphabeta+corner,minimax+corner,black,41,23,18
950,22,alphabeta+corner,minimax+corner,black,41,23,18
951,23,alphabeta+corner,minimax+corner,black,41,23,18
952,24,alphabeta+corner,minimax+corner,black,41,23,18
953,25,alphabeta+corner,minimax+corner,black,41,23,18
954,26,alphabeta+corner,minimax+corner,black,41,23,18
955,27,alphabeta+corner,minimax+corner,black,41,23,18
956,28,alphabeta+corner,minimax+corner,black,41,23,18
957,29,alphabeta+corner,minimax+corner,black,41,23,18
958,30,alphabeta+corner,minimax+corner,black,41,23,18
959,31,alphabeta+corner,minimax+corner,black,41,23,18
960,32,alphabeta+corner,minimax+corner,black,41,23,18
961,1,alphabeta+corner,minimax+frontier,white,30,34,-4
962,2,alphabeta+corner,minimax+frontier,white,30,34,-4
963,3,alphabeta+corner,minimax+frontier,white,30,34,-4
964,4,alphabeta+corner,minimax+frontier,white,30,34,-4
965,5,alphabeta+corner,minimax+frontier,white,30,34,-4
966,6,alphabeta+corner,minimax+frontier,white,30,34,-4
967,7,alphabeta+corner,minimax+frontier,white,30,34,-4
968,8,alphabeta+corner,minimax+frontier,white,30,34,-4
969,9,alphabeta+corner,minimax+frontier,white,30,34,-4
970,10,alphabeta+corner,minimax+frontier,white,30,34,-4
971,11,alphabeta+corner,minimax+frontier,white,30,34,-4
972,12,alphabeta+corner,minimax+frontier,white,30,34,-4
973,13,alphabeta+corner,minimax+frontier,white,30,34,-4
974,14,alphabeta+corner,minimax+frontier,white,30,34,-4
975,15,alphabeta+corner,minimax+frontier,white,30,34,-4
976,16,alphabeta+corner,minimax+frontier,white,30,34,-4
977,17,alphabeta+corner,minimax+frontier,white,30,34,-4
978,18,alphabeta+corner,minimax+frontier,white,30,34,-4
979,19,alphabeta+corner,minimax+frontier,white,30,34,-4
980,20,alphabeta+corner,minimax+frontier,white,30,34,-4
981,21,alphabeta+corner,minimax+frontier,white,30,34,-4
982,22,alphabeta+corner,minimax+frontier,white,30,34,-4
983,23,alphabeta+corner,minimax+frontier,white,30,34,-4
984,24,alphabeta+corner,minimax+frontier,white,30,34,-4
985,25,alphabeta+corner,minimax+frontier,white,30,34,-4
986,26,alphabeta+corner,minimax+frontier,white,30,34,-4
987,27,alphabeta+corner,minimax+frontier,white,30,34,-4
988,28,alphabeta+corner,minimax+frontier,white,30,34,-4
989,29,alphabeta+corner,minimax+frontier,white,30,34,-4
990,30,alphabeta+corner,minimax+frontier,white,30,34,-4
991,31,alphabeta+corner,minimax+frontier,white,30,34,-4
992,32,alphabeta+corner,minimax+frontier,white,30,34,-4
993,1,alphabeta+corner,alphabeta+mobility,black,54,10,44
994,2,alphabeta+corner,alphabeta+mobility,black,54,10,44
995,3,alphabeta+corner,alphabeta+mobility,black,54,10,44
996,4,alphabeta+corner,alphabeta+mobility,black,54,10,44
997,5,alphabeta+corner,alphabeta+mobility,black,54,10,44
998,6,alphabeta+corner,alphabeta+mobility,black,54,10,44
999,7,alphabeta+corner,alphabeta+mobility,black,54,10,44
1000,8,alphabeta+corner,alphabeta+mobility,black,54,10,44
1001,9,alphabeta+corner,alphabeta+mobility,black,54,10,44
1002,10,alphabeta+corner,alphabeta+mobility,black,54,10,44
1003,11,alphabeta+corner,alphabeta+mobility,black,54,10,44
1004,12,alphabeta+corner,alphabeta+mobility,black,54,10,44
1005,13,alphabeta+corner,alphabeta+mobility,black,54,10,44
1006,14,alphabeta+corner,alphabeta+mobility,black,54,10,44
1007,15,alphabeta+corner,alphabeta+mobility,black,54,10,44
1008,16,alphabeta+corner,alphabeta+mobility,black,54,10,44
1009,17,alphabeta+corner,alphabeta+mobility,black,54,10,44
1010,18,alphabeta+corner,alphabeta+mobility,black,54,10,44
1011,19,alphabeta+corner,alphabeta+mobility,black,54,10,44
1012,20,alphabeta+corner,alphabeta+mobility,black,54,10,44
1013,21,alphabeta+corner,alphabeta+mobility,black,54,10,44
1014,22,alphabeta+corner,alphabeta+mobility,black,54,10,44
1015,23,alphabeta+corner,alphabeta+mobility,black,54,10,44
1016,24,alphabeta+corner,alphabeta+mobility,black,54,10,44
1017,25,alphabeta+corner,alphabeta+mobility,black,54,10,44
1018,26,alphabeta+corner,alphabeta+mobility,black,54,10,44
1019,27,alphabeta+corner,alphabeta+mobility,black,54,10,44
1020,28,alphabeta+corner,alphabeta+mobility,black,54,10,44
1021,29,alphabeta+corner,alphabeta+mobility,black,54,10,44
1022,30,alphabeta+corner,alphabeta+mobility,black,54,10,44
1023,31,alphabeta+corner,alphabeta+mobility,black,54,10,44
1024,32,alphabeta+corner,alphabeta+mobility,black,54,10,44
1025,1,alphabeta+corner,alphabeta+corner,black,43,21,22
1026,2,alphabeta+corner,alphabeta+corner,black,43,21,22
1027,3,alphabeta+corner,alphabeta+corner,black,43,21,22
1028,4,alphabeta+corner,alphabeta+corner,black,43,21,22
1029,5,alphabeta+corner,alphabeta+corner,black,43,21,22
1030,6,alphabeta+corner,alphabeta+corner,black,43,21,22
1031,7,alphabeta+corner,alphabeta+corner,black,43,21,22
1032,8,alphabeta+corner,alphabeta+corner,black,43,21,22
1033,9,alphabeta+corner,alphabeta+corner,black,43,21,22
1034,10,alphabeta+corner,alphabeta+corner,black,43,21,22
1035,11,alphabeta+corner,alphabeta+corner,black,43,21,22
1036,12,alphabeta+corner,alphabeta+corner,black,43,21,22
1037,13,alphabeta+corner,alphabeta+corner,black,43,21,22
1038,14,alphabeta+corner,alphabeta+corner,black,43,21,22
1039,15,alphabeta+corner,alphabeta+corner,black,43,21,22
1040,16,alphabeta+corner,alphabeta+corner,black,43,21,22
1041,17,alphabeta+corner,alphabeta+corner,black,43,21,22
1042,18,alphabeta+corner,alphabeta+corner,black,43,21,22
1043,19,alphabeta+corner,alphabeta+corner,black,43,21,22
1044,20,alphabeta+corner,alphabeta+corner,black,43,21,22
1045,21,alphabeta+corner,alphabeta+corner,black,43,21,22
1046,22,alphabeta+corner,alphabeta+corner,black,43,21,22
1047,23,alphabeta+corner,alphabeta+corner,black,43,21,22
1048,24,alphabeta+corner,alphabeta+corner,black,43,21,22
1049,25,alphabeta+corner,alphabeta+corner,black,43,21,22
1050,26,alphabeta+corner,alphabeta+corner,black,43,21,22
1051,27,alphabeta+corner,alphabeta+corner,black,43,21,22
1052,28,alphabeta+corner,alphabeta+corner,black,43,21,22
1053,29,alphabeta+corner,alphabeta+corner,black,43,21,22
1054,30,alphabeta+corner,alphabeta+corner,black,43,21,22
1055,31,alphabeta+corner,alphabeta+corner,black,43,21,22
1056,32,alphabeta+corner,alphabeta+corner,black,43,21,22
1057,1,alphabeta+corner,alphabeta+frontier,black,40,23,17
1058,2,alphabeta+corner,alphabeta+frontier,black,33,0,33
1059,3,alphabeta+corner,alphabeta+frontier,black,33,0,33
1060,4,alphabeta+corner,alphabeta+frontier,black,33,0,33
1061,5,alphabeta+corner,alphabeta+frontier,black,33,0,33
1062,6,alphabeta+corner,alphabeta+frontier,black,33,0,33
1063,7,alphabeta+corner,alphabeta+frontier,black,33,0,33
1064,8,alphabeta+corner,alphabeta+frontier,black,33,0,33
1065,9,alphabeta+corner,alphabeta+frontier,black,33,0,33
1066,10,alphabeta+corner,alphabeta+frontier,black,33,0,33
1067,11,alphabeta+corner,alphabeta+frontier,black,33,0,33
1068,12,alphabeta+corner,alphabeta+frontier,black,33,0,33
1069,13,alphabeta+corner,alphabeta+frontier,black,33,0,33
1070,14,alphabeta+corner,alphabeta+frontier,black,33,0,33
1071,15,alphabeta+corner,alphabeta+frontier,black,33,0,33
1072,16,alphabeta+corner,alphabeta+frontier,black,33,0,33
1073,17,alphabeta+corner,alphabeta+frontier,black,33,0,33
1074,18,alphabeta+corner,alphabeta+frontier,black,33,0,33
1075,19,alphabeta+corner,alphabeta+frontier,black,33,0,33
1076,20,alphabeta+corner,alphabeta+frontier,black,33,0,33
1077,21,alphabeta+corner,alphabeta+frontier,black,33,0,33
1078,22,alphabeta+corner,alphabeta+frontier,black,33,0,33
1079,23,alphabeta+corner,alphabeta+frontier,black,33,0,33
1080,24,alphabeta+corner,alphabeta+frontier,black,33,0,33
1081,25,alphabeta+corner,alphabeta+frontier,black,33,0,33
1082,26,alphabeta+corner,alphabeta+frontier,black,33,0,33
1083,27,alphabeta+corner,alphabeta+frontier,black,33,0,33
1084,28,alphabeta+corner,alphabeta+frontier,black,33,0,33
1085,29,alphabeta+corner,alphabeta+frontier,black,33,0,33
1086,30,alphabeta+corner,alphabeta+frontier,black,33,0,33
1087,31,alphabeta+corner,alphabeta+frontier,black,33,0,33
1088,32,alphabeta+corner,alphabeta+frontier,black,33,0,33
1089,1,alphabeta+corner,random,white,26,38,-12
1090,2,alphabeta+corner,random,black,55,9,46
1091,3,alphabeta+corner,random,black,49,15,34
1092,4,alphabeta+corner,random,black,39,25,14
1093,5,alphabeta+corner,random,black,39,25,14
1094,6,alphabeta+corner,random,black,52,12,40
1095,7,alphabeta+corner,random,black,36,28,8
1096,8,alphabeta+corner,random,black,47,17,30
1097,9,alphabeta+corner,random,black,53,11,42
1098,10,alphabeta+corner,random,black,51,13,38
1099,11,alphabeta+corner,random,black,38,26,12
1100,12,alphabeta+corner,random,black,54,10,44
1101,13,alphabeta+corner,random,black,53,11,42
1102,14,alphabeta+corner,random,black,33,31,2
1103,15,alphabeta+corner,random,black,38,26,12
1104,16,alphabeta+corner,random,black,43,21,22
1105,17,alphabeta+corner,random,black,35,29,6
1106,18,alphabeta+corner,random,black,37,27,10
1107,19,alphabeta+corner,random,black,39,25,14
1108,20,alphabeta+corner,random,black,52,12,40
1109,21,alphabeta+corner,random,black,53,11,42
1110,22,alphabeta+corner,random,black,35,29,6
1111,23,alphabeta+corner,random,black,42,22,20
1112,24,alphabeta+corner,random,black,45,19,26
1113,25,alphabeta+corner,random,white,30,34,-4
1114,26,alphabeta+corner,random,black,45,19,26
1115,27,alphabeta+corner,random,white,28,36,-8
1116,28,alphabeta+corner,random,black,50,14,36
1117,29,alphabeta+corner,random,black,41,23,18
1118,30,alphabeta+corner,random,black,57,7,50
1119,31,alphabeta+corner,random,black,51,13,38
1120,32,alphabeta+corner,random,black,40,24,16
1121,1,alphabeta+frontier,minimax+mobility,white,19,45,-26
1122,2,alphabeta+frontier,minimax+mobility,white,19,45,-26
1123,3,alphabeta+frontier,minimax+mobility,white,19,45,-26
1124,4,alphabeta+frontier,minimax+mobility,white,19,45,-26
1125,5,alphabeta+frontier,minimax+mobility,white,19,45,-26
1126,6,alphabeta+frontier,minimax+mobility,white,19,45,-26
1127,7,alphabeta+frontier,minimax+mobility,white,19,45,-26
1128,8,alphabeta+frontier,minimax+mobility,white,19,45,-26
1129,9,alphabeta+frontier,minimax+mobility,white,19,45,-26
1130,10,alphabeta+frontier,minimax+mobility,white,19,45,-26
1131,11,alphabeta+frontier,minimax+mobility,white,19,45,-26
1132,12,alphabeta+frontier,minimax+mobility,white,19,45,-26
1133,13,alphabeta+frontier,minimax+mobility,white,19,45,-26
1134,14,alphabeta+frontier,minimax+mobility,white,19,45,-26
1135,15,alphabeta+frontier,minimax+mobility,white,19,45,-26
1136,16,alphabeta+frontier,minimax+mobility,white,19,45,-26
1137,17,alphabeta+frontier,minimax+mobility,white,19,45,-26
1138,18,alphabeta+frontier,minimax+mobility,white,19,45,-26
1139,19,alphabeta+frontier,minimax+mobility,white,19,45,-26
1140,20,alphabeta+frontier,minimax+mobility,white,19,45,-26
1141,21,alphabeta+frontier,minimax+mobility,white,19,45,-26
1142,22,alphabeta+frontier,minimax+mobility,white,19,45,-26
1143,23,alphabeta+frontier,minimax+mobility,white,19,45,-26
1144,24,alphabeta+frontier,minimax+mobility,white,19,45,-26
1145,25,alphabeta+frontier,minimax+mobility,white,19,45,-26
1146,26,alphabeta+frontier,minimax+mobility,white,19,45,-26
1147,27,alphabeta+frontier,minimax+mobility,white,19,45,-26
1148,28,alphabeta+frontier,minimax+mobility,white,19,45,-26
1149,29,alphabeta+frontier,minimax+mobility,white,19,45,-26
1150,30,alphabeta+frontier,minimax+mobility,white,19,45,-26
1151,31,alphabeta+frontier,minimax+mobility,white,19,45,-26
1152,32,alphabeta+frontier,minimax+mobility,white,19,45,-26
1153,1,alphabeta+frontier,minimax+corner,white,4,59,-55
1154,2,alphabeta+frontier,minimax+corner,white,4,59,-55
1155,3,alphabeta+frontier,minimax+corner,white,4,59,-55
1156,4,alphabeta+frontier,minimax+corner,white,4,59,-55
1157,5,alphabeta+frontier,minimax+corner,white,4,59,-55
1158,6,alphabeta+frontier,minimax+corner,white,4,59,-55
1159,7,alphabeta+frontier,minimax+corner,white,4,59,-55
1160,8,alphabeta+frontier,minimax+corner,white,4,59,-55
1161,9,alphabeta+frontier,minimax+corner,white,4,59,-55
1162,10,alphabeta+frontier,minimax+corner,white,4,59,-55
1163,11,alphabeta+frontier,minimax+corner,white,4,59,-55
1164,12,alphabeta+frontier,minimax+corner,white,4,59,-55
1165,13,alphabeta+frontier,minimax+corner,white,4,59,-55
1166,14,alphabeta+frontier,minimax+corner,white,4,59,-55
1167,15,alphabeta+frontier,minimax+corner,white,4,59,-55
1168,16,alphabeta+frontier,minimax+corner,white,4,59,-55
1169,17,alphabeta+frontier,minimax+corner,white,4,59,-55
1170,18,alphabeta+frontier,minimax+corner,white,4,59,-55
1171,19,alphabeta+frontier,minimax+corner,white,4,59,-55
1172,20,alphabeta+frontier,minimax+corner,white,4,59,-55
1173,21,alphabeta+frontier,minimax+corner,white,4,59,-55
1174,22,alphabeta+frontier,minimax+corner,white,4,59,-55
1175,23,alphabeta+frontier,minimax+corner,white,4,59,-55
1176,24,alphabeta+frontier,minimax+corner,white,4,59,-55
1177,25,alphabeta+frontier,minimax+corner,white,4,59,-55
1178,26,alphabeta+frontier,minimax+corner,white,4,59,-55
1179,27,alphabeta+frontier,minimax+corner,black,33,31,2
1180,28,alphabeta+frontier,minimax+corner,white,4,59,-55
1181,29,alphabeta+frontier,minimax+corner,white,4,59,-55
1182,30,alphabeta+frontier,minimax+corner,white,4,59,-55
1183,31,alphabeta+frontier,minimax+corner,white,4,59,-55
1184,32,alphabeta+frontier,minimax+corner,white,4,59,-55
1185,1,alphabeta+frontier,minimax+frontier,black,33,31,2
1186,2,alphabeta+frontier,minimax+frontier,black,33,31,2
1187,3,alphabeta+frontier,minimax+frontier,black,33,31,2
1188,4,alphabeta+frontier,minimax+frontier,black,33,31,2
1189,5,alphabeta+frontier,minimax+frontier,black,33,31,2
1190,6,alphabeta+frontier,minimax+frontier,black,33,31,2
1191,7,alphabeta+frontier,minimax+frontier,black,33,31,2
1192,8,alphabeta+frontier,minimax+frontier,black,33,31,2
1193,9,alphabeta+frontier,minimax+frontier,black,33,31,2
1194,10,alphabeta+frontier,minimax+frontier,black,33,31,2
1195,11,alphabeta+frontier,minimax+frontier,black,33,31,2
1196,12,alphabeta+frontier,minimax+frontier,black,33,31,2
1197,13,alphabeta+frontier,minimax+frontier,black,33,31,2
1198,14,alphabeta+frontier,minimax+frontier,black,33,31,2
1199,15,alphabeta+frontier,minimax+frontier,black,33,31,2
1200,16,alphabeta+frontier,minimax+frontier,black,33,31,2
1201,17,alphabeta+frontier,minimax+frontier,black,33,31,2
1202,18,alphabeta+frontier,minimax+frontier,black,33,31,2
1203,19,alphabeta+frontier,minimax+frontier,black,33,31,2
1204,20,alphabeta+frontier,minimax+frontier,black,33,31,2
1205,21,alphabeta+frontier,minimax+frontier,black,33,31,2
1206,22,alphabeta+frontier,minimax+frontier,black,33,31,2
1207,23,alphabeta+frontier,minimax+frontier,black,33,31,2
1208,24,alphabeta+frontier,minimax+frontier,black,33,31,2
1209,25,alphabeta+frontier,minimax+frontier,black,33,31,2
1210,26,alphabeta+frontier,minimax+frontier,black,33,31,2
1211,27,alphabeta+frontier,minimax+frontier,black,33,31,2
1212,28,alphabeta+frontier,minimax+frontier,black,33,31,2
1213,29,alphabeta+frontier,minimax+frontier,black,33,31,2
1214,30,alphabeta+frontier,minimax+frontier,black,33,31,2
1215,31,alphabeta+frontier,minimax+frontier,black,33,31,2
1216,32,alphabeta+frontier,minimax+frontier,black,33,31,2
1217,1,alphabeta+frontier,alphabeta+mobility,white,17,47,-30
1218,2,alphabeta+frontier,alphabeta+mobility,white,17,47,-30
1219,3,alphabeta+frontier,alphabeta+mobility,white,17,47,-30
1220,4,alphabeta+frontier,alphabeta+mobility,white,17,47,-30
1221,5,alphabeta+frontier,alphabeta+mobility,white,17,47,-30
1222,6,alphabeta+frontier,alphabeta+mobility,white,17,47,-30
1223,7,alphabeta+frontier,alphabeta+mobility,white,17,47,-30
1224,8,alphabeta+frontier,alphabeta+mobility,white,17,47,-30
1225,9,alphabeta+frontier,alphabeta+mobility,white,17,47,-30
1226,10,alphabeta+frontier,alphabeta+mobility,white,17,47,-30
1227,11,alphabeta+frontier,alphabeta+mobility,white,17,47,-30
1228,12,alphabeta+frontier,alphabeta+mobility,white,17,47,-30
1229,13,alphabeta+frontier,alphabeta+mobility,white,17,47,-30
1230,14,alphabeta+frontier,alphabeta+mobility,white,17,47,-30
1231,15,alphabeta+frontier,alphabeta+mobility,white,17,47,-30
1232,16,alphabeta+frontier,alphabeta+mobility,white,17,47,-30
1233,17,alphabeta+frontier,alphabeta+mobility,white,17,47,-30
1234,18,alphabeta+frontier,alphabeta+mobility,white,17,47,-30
1235,19,alphabeta+frontier,alphabeta+mobility,white,17,47,-30
1236,20,alphabeta+frontier,alphabeta+mobility,white,22,42,-20
1237,21,alphabeta+frontier,alphabeta+mobility,white,17,47,-30
1238,22,alphabeta+frontier,alphabeta+mobility,white,17,47,-30
1239,23,alphabeta+frontier,alphabeta+mobility,white,17,47,-30
1240,24,alphabeta+frontier,alphabeta+mobility,white,17,47,-30
1241,25,alphabeta+frontier,alphabeta+mobility,white,17,47,-30
1242,26,alphabeta+frontier,alphabeta+mobility,white,17,47,-30
1243,27,alphabeta+frontier,alphabeta+mobility,white,17,47,-30
1244,28,alphabeta+frontier,alphabeta+mobility,white,17,47,-30
1245,29,alphabeta+frontier,alphabeta+mobility,white,17,47,-30
1246,30,alphabeta+frontier,alphabeta+mobility,white,17,47,-30
1247,31,alphabeta+frontier,alphabeta+mobility,white,17,47,-30
1248,32,alphabeta+frontier,alphabeta+mobility,white,17,47,-30
1249,1,alphabeta+frontier,alphabeta+corner,white,11,53,-42
1250,2,alphabeta+frontier,alphabeta+corner,white,11,53,-42
1251,3,alphabeta+frontier,alphabeta+corner,white,25,39,-14
1252,4,alphabeta+frontier,alphabeta+corner,white,27,37,-10
1253,5,alphabeta+frontier,alphabeta+corner,white,11,53,-42
1254,6,alphabeta+frontier,alphabeta+corner,white,11,53,-42
1255,7,alphabeta+frontier,alphabeta+corner,white,11,53,-42
1256,8,alphabeta+frontier,alphabeta+corner,white,11,53,-42
1257,9,alphabeta+frontier,alphabeta+corner,white,11,53,-42
1258,10,alphabeta+frontier,alphabeta+corner,white,23,41,-18
1259,11,alphabeta+frontier,alphabeta+corner,white,11,53,-42
1260,12,alphabeta+frontier,alphabeta+corner,white,11,53,-42
1261,13,alphabeta+frontier,alphabeta+corner,white,11,53,-42
1262,14,alphabeta+frontier,alphabeta+corner,white,11,53,-42
1263,15,alphabeta+frontier,alphabeta+corner,white,11,53,-42
1264,16,alphabeta+frontier,alphabeta+corner,white,11,53,-42
1265,17,alphabeta+frontier,alphabeta+corner,white,11,53,-42
1266,18,alphabeta+frontier,alphabeta+corner,white,11,53,-42
1267,19,alphabeta+frontier,alphabeta+corner,white,11,53,-42
1268,20,alphabeta+frontier,alphabeta+corner,white,11,53,-42
1269,21,alphabeta+frontier,alphabeta+corner,white,11,53,-42
1270,22,alphabeta+frontier,alphabeta+corner,white,11,53,-42
1271,23,alphabeta+frontier,alphabeta+corner,white,11,53,-42
1272,24,alphabeta+frontier,alphabeta+corner,white,11,53,-42
1273,25,alphabeta+frontier,alphabeta+corner,white,11,53,-42
1274,26,alphabeta+frontier,alphabeta+corner,white,11,53,-42
1275,27,alphabeta+frontier,alphabeta+corner,white,11,53,-42
1276,28,alphabeta+frontier,alphabeta+corner,white,11,53,-42
1277,29,alphabeta+frontier,alphabeta+corner,white,11,53,-42
1278,30,alphabeta+frontier,alphabeta+corner,white,11,53,-42
1279,31,alphabeta+frontier,alphabeta+corner,white,11,53,-42
1280,32,alphabeta+frontier,alphabeta+corner,white,11,53,-42
1281,1,alphabeta+frontier,alphabeta+frontier,white,25,39,-14
1282,2,alphabeta+frontier,alphabeta+frontier,white,25,39,-14
1283,3,alphabeta+frontier,alphabeta+frontier,white,25,39,-14
1284,4,alphabeta+frontier,alphabeta+frontier,white,25,39,-14
1285,5,alphabeta+frontier,alphabeta+frontier,white,25,39,-14
1286,6,alphabeta+frontier,alphabeta+frontier,white,25,39,-14
1287,7,alphabeta+frontier,alphabeta+frontier,white,25,39,-14
1288,8,alphabeta+frontier,alphabeta+frontier,white,25,39,-14
1289,9,alphabeta+frontier,alphabeta+frontier,white,25,39,-14
1290,10,alphabeta+frontier,alphabeta+frontier,white,25,39,-14
1291,11,alphabeta+frontier,alphabeta+frontier,white,25,39,-14
1292,12,alphabeta+frontier,alphabeta+frontier,white,25,39,-14
1293,13,alphabeta+frontier,alphabeta+frontier,white,25,39,-14
1294,14,alphabeta+frontier,alphabeta+frontier,white,25,39,-14
1295,15,alphabeta+frontier,alphabeta+frontier,white,25,39,-14
1296,16,alphabeta+frontier,alphabeta+frontier,white,24,40,-16
1297,17,alphabeta+frontier,alphabeta+frontier,white,25,39,-14
1298,18,alphabeta+frontier,alphabeta+frontier,white,25,39,-14
1299,19,alphabeta+frontier,alphabeta+frontier,white,25,39,-14
1300,20,alphabeta+frontier,alphabeta+frontier,white,25,39,-14
1301,21,alphabeta+frontier,alphabeta+frontier,white,25,39,-14
1302,22,alphabeta+frontier,alphabeta+frontier,white,25,39,-14
1303,23,alphabeta+frontier,alphabeta+frontier,white,25,39,-14
1304,24,alphabeta+frontier,alphabeta+frontier,white,25,39,-14
1305,25,alphabeta+frontier,alphabeta+frontier,white,25,39,-14
1306,26,alphabeta+frontier,alphabeta+frontier,white,25,39,-14
1307,27,alphabeta+frontier,alphabeta+frontier,white,25,39,-14
1308,28,alphabeta+frontier,alphabeta+frontier,white,25,39,-14
1309,29,alphabeta+frontier,alphabeta+frontier,white,25,39,-14
1310,30,alphabeta+frontier,alphabeta+frontier,white,25,39,-14
1311,31,alphabeta+frontier,alphabeta+frontier,white,25,39,-14
1312,32,alphabeta+frontier,alphabeta+frontier,white,25,39,-14
1313,1,alphabeta+frontier,random,black,49,15,34
1314,2,alphabeta+frontier,random,black,38,26,12
1315,3,alphabeta+frontier,random,black,47,17,30
1316,4,alphabeta+frontier,random,black,54,10,44
1317,5,alphabeta+frontier,random,white,20,44,-24
1318,6,alphabeta+frontier,random,white,24,40,-16
1319,7,alphabeta+frontier,random,black,51,13,38
1320,8,alphabeta+frontier,random,black,50,14,36
1321,9,alphabeta+frontier,random,black,34,30,4
1322,10,alphabeta+frontier,random,white,27,37,-10
1323,11,alphabeta+frontier,random,black,42,22,20
1324,12,alphabeta+frontier,random,black,49,15,34
1325,13,alphabeta+frontier,random,white,18,46,-28
1326,14,alphabeta+frontier,random,black,46,18,28
1327,15,alphabeta+frontier,random,black,33,31,2
1328,16,alphabeta+frontier,random,black,47,17,30
1329,17,alphabeta+frontier,random,black,55,9,46
1330,18,alphabeta+frontier,random,black,51,13,38
1331,19,alphabeta+frontier,random,black,53,11,42
1332,20,alphabeta+frontier,random,black,51,13,38
1333,21,alphabeta+frontier,random,black,50,14,36
1334,22,alphabeta+frontier,random,black,48,16,32
1335,23,alphabeta+frontier,random,black,42,22,20
1336,24,alphabeta+frontier,random,black,48,16,32
1337,25,alphabeta+frontier,random,black,46,18,28
1338,26,alphabeta+frontier,random,black,34,30,4
1339,27,alphabeta+frontier,random,white,16,48,-32
1340,28,alphabeta+frontier,random,black,42,22,20
1341,29,alphabeta+frontier,random,white,21,43,-22
1342,30,alphabeta+frontier,random,black,55,9,46
1343,31,alphabeta+frontier,random,black,45,19,26
1344,32,alphabeta+frontier,random,black,43,21,22
1345,1,random,minimax+mobility,white,18,46,-28
1346,2,random,minimax+mobility,white,20,44,-24
1347,3,random,minimax+mobility,white,31,33,-2
1348,4,random,minimax+mobility,white,23,41,-18
1349,5,random,minimax+mobility,white,18,46,-28
1350,6,random,minimax+mobility,white,17,47,-30
1351,7,random,minimax+mobility,white,29,35,-6
1352,8,random,minimax+mobility,white,13,51,-38
1353,9,random,minimax+mobility,white,17,47,-30
1354,10,random,minimax+mobility,white,14,49,-35
1355,11,random,minimax+mobility,white,16,48,-32
1356,12,random,minimax+mobility,white,20,44,-24
1357,13,random,minimax+mobility,white,11,53,-42
1358,14,random,minimax+mobility,black,38,26,12
1359,15,random,minimax+mobility,black,40,24,16
1360,16,random,minimax+mobility,white,28,36,-8
1361,17,random,minimax+mobility,black,33,31,2
1362,18,random,minimax+mobility,white,30,34,-4
1363,19,random,minimax+mobility,white,15,49,-34
1364,20,random,minimax+mobility,white,1,63,-62
1365,21,random,minimax+mobility,white,20,44,-24
1366,22,random,minimax+mobility,white,13,51,-38
1367,23,random,minimax+mobility,white,19,45,-26
1368,24,random,minimax+mobility,white,22,42,-20
1369,25,random,minimax+mobility,white,10,54,-44
1370,26,random,minimax+mobility,white,0,64,-64
1371,27,random,minimax+mobility,white,17,47,-30
1372,28,random,minimax+mobility,white,24,40,-16
1373,29,random,minimax+mobility,black,33,31,2
1374,30,random,minimax+mobility,black,35,29,6
1375,31,random,minimax+mobility,white,8,56,-48
1376,32,random,minimax+mobility,white,23,41,-18
1377,1,random,minimax+corner,white,20,44,-24
1378,2,random,minimax+corner,white,24,40,-16
1379,3,random,minimax+corner,white,16,48,-32
1380,4,random,minimax+corner,white,27,37,-10
1381,5,random,minimax+corner,white,22,42,-20
1382,6,random,minimax+corner,black,34,30,4
1383,7,random,minimax+corner,white,20,44,-24
1384,8,random,minimax+corner,white,20,44,-24
1385,9,random,minimax+corner,white,23,41,-18
1386,10,random,minimax+corner,white,12,52,-40
1387,11,random,minimax+corner,white,19,45,-26
1388,12,random,minimax+corner,white,16,48,-32
1389,13,random,minimax+corner,white,26,38,-12
1390,14,random,minimax+corner,white,17,47,-30
1391,15,random,minimax+corner,black,42,22,20
1392,16,random,minimax+corner,white,25,39,-14
1393,17,random,minimax+corner,black,38,26,12
1394,18,random,minimax+corner,white,9,55,-46
1395,19,random,minimax+corner,white,6,58,-52
1396,20,random,minimax+corner,white,29,35,-6
1397,21,random,minimax+corner,white,19,45,-26
1398,22,random,minimax+corner,white,22,42,-20
1399,23,random,minimax+corner,white,18,46,-28
1400,24,random,minimax+corner,white,17,47,-30
1401,25,random,minimax+corner,white,22,42,-20
1402,26,random,minimax+corner,black,38,26,12
1403,27,random,minimax+corner,white,23,41,-18
1404,28,random,minimax+corner,white,23,41,-18
1405,29,random,minimax+corner,white,21,43,-22
1406,30,random,minimax+corner,white,14,50,-36
1407,31,random,minimax+corner,white,24,40,-16
1408,32,random,minimax+corner,white,27,37,-10
1409,1,random,minimax+frontier,white,18,46,-28
1410,2,random,minimax+frontier,black,33,31,2
1411,3,random,minimax+frontier,black,40,24,16
1412,4,random,minimax+frontier,white,30,34,-4
1413,5,random,minimax+frontier,white,19,45,-26
1414,6,random,minimax+frontier,black,49,15,34
1415,7,random,minimax+frontier,black,33,31,2
1416,8,random,minimax+frontier,white,29,35,-6
1417,9,random,minimax+frontier,black,35,29,6
1418,10,random,minimax+frontier,draw,32,32,0
1419,11,random,minimax+frontier,black,35,29,6
1420,12,random,minimax+frontier,white,20,44,-24
1421,13,random,minimax+frontier,white,27,37,-10
1422,14,random,minimax+frontier,white,8,56,-48
1423,15,random,minimax+frontier,draw,32,32,0
1424,16,random,minimax+frontier,white,26,38,-12
1425,17,random,minimax+frontier,white,22,42,-20
1426,18,random,minimax+frontier,white,12,52,-40
1427,19,random,minimax+frontier,white,13,51,-38
1428,20,random,minimax+frontier,black,42,22,20
1429,21,random,minimax+frontier,white,18,46,-28
1430,22,random,minimax+frontier,white,21,43,-22
1431,23,random,minimax+frontier,white,18,46,-28
1432,24,random,minimax+frontier,white,12,52,-40
1433,25,random,minimax+frontier,white,27,37,-10
1434,26,random,minimax+frontier,black,49,0,49
1435,27,random,minimax+frontier,white,29,35,-6
1436,28,random,minimax+frontier,white,25,39,-14
1437,29,random,minimax+frontier,white,16,48,-32
1438,30,random,minimax+frontier,white,8,56,-48
1439,31,random,minimax+frontier,white,13,51,-38
1440,32,random,minimax+frontier,black,42,22,20
1441,1,random,alphabeta+mobility,draw,32,32,0
1442,2,random,alphabeta+mobility,white,12,52,-40
1443,3,random,alphabeta+mobility,white,16,48,-32
1444,4,random,alphabeta+mobility,black,41,23,18
1445,5,random,alphabeta+mobility,black,50,13,37
1446,6,random,alphabeta+mobility,draw,32,32,0
1447,7,random,alphabeta+mobility,black,37,27,10
1448,8,random,alphabeta+mobility,white,12,52,-40
1449,9,random,alphabeta+mobility,white,3,61,-58
1450,10,random,alphabeta+mobility,white,12,52,-40
1451,11,random,alphabeta+mobility,white,19,45,-26
1452,12,random,alphabeta+mobility,white,13,51,-38
1453,13,random,alphabeta+mobility,white,23,41,-18
1454,14,random,alphabeta+mobility,white,11,53,-42
1455,15,random,alphabeta+mobility,white,17,47,-30
1456,16,random,alphabeta+mobility,white,21,43,-22
1457,17,random,alphabeta+mobility,white,11,53,-42
1458,18,random,alphabeta+mobility,white,14,50,-36
1459,19,random,alphabeta+mobility,white,15,49,-34
1460,20,random,alphabeta+mobility,white,22,42,-20
1461,21,random,alphabeta+mobility,white,23,41,-18
1462,22,random,alphabeta+mobility,white,10,54,-44
1463,23,random,alphabeta+mobility,white,14,50,-36
1464,24,random,alphabeta+mobility,white,10,54,-44
1465,25,random,alphabeta+mobility,white,3,61,-58
1466,26,random,alphabeta+mobility,white,22,42,-20
1467,27,random,alphabeta+mobility,white,20,44,-24
1468,28,random,alphabeta+mobility,white,13,51,-38
1469,29,random,alphabeta+mobility,white,28,36,-8
1470,30,random,alphabeta+mobility,white,19,45,-26
1471,31,random,alphabeta+mobility,white,15,49,-34
1472,32,random,alphabeta+mobility,white,15,49,-34
1473,1,random,alphabeta+corner,white,30,34,-4
1474,2,random,alphabeta+corner,white,18,46,-28
1475,3,random,alphabeta+corner,white,17,47,-30
1476,4,random,alphabeta+corner,white,24,40,-16
1477,5,random,alphabeta+corner,white,16,48,-32
1478,6,random,alphabeta+corner,white,12,52,-40
1479,7,random,alphabeta+corner,white,25,39,-14
1480,8,random,alphabeta+corner,white,29,35,-6
1481,9,random,alphabeta+corner,white,13,51,-38
1482,10,random,alphabeta+corner,white,12,52,-40
1483,11,random,alphabeta+corner,white,18,46,-28
1484,12,random,alphabeta+corner,white,16,48,-32
1485,13,random,alphabeta+corner,white,28,36,-8
1486,14,random,alphabeta+corner,white,23,41,-18
1487,15,random,alphabeta+corner,white,16,48,-32
1488,16,random,alphabeta+corner,white,13,51,-38
1489,17,random,alphabeta+corner,white,31,33,-2
1490,18,random,alphabeta+corner,white,16,48,-32
1491,19,random,alphabeta+corner,white,16,48,-32
1492,20,random,alphabeta+corner,white,21,43,-22
1493,21,random,alphabeta+corner,white,23,41,-18
1494,22,random,alphabeta+corner,white,26,38,-12
1495,23,random,alphabeta+corner,white,16,48,-32
1496,24,random,alphabeta+corner,white,15,49,-34
1497,25,random,alphabeta+corner,white,24,40,-16
1498,26,random,alphabeta+corner,white,11,53,-42
1499,27,random,alphabeta+corner,white,28,36,-8
1500,28,random,alphabeta+corner,white,18,46,-28
1501,29,random,alphabeta+corner,white,11,53,-42
1502,30,random,alphabeta+corner,white,9,55,-46
1503,31,random,alphabeta+corner,white,17,47,-30
1504,32,random,alphabeta+corner,white,11,53,-42
1505,1,random,alphabeta+frontier,white,12,52,-40
1506,2,random,alphabeta+frontier,white,16,48,-32
1507,3,random,alphabeta+frontier,white,26,38,-12
1508,4,random,alphabeta+frontier,white,30,34,-4
1509,5,random,alphabeta+frontier,white,22,42,-20
1510,6,random,alphabeta+frontier,black,47,17,30
1511,7,random,alphabeta+frontier,white,25,39,-14
1512,8,random,alphabeta+frontier,white,20,44,-24
1513,9,random,alphabeta+frontier,black,40,24,16
1514,10,random,alphabeta+frontier,white,9,55,-46
1515,11,random,alphabeta+frontier,white,19,45,-26
1516,12,random,alphabeta+frontier,white,30,34,-4
1517,13,random,alphabeta+frontier,white,29,35,-6
1518,14,random,alphabeta+frontier,white,28,36,-8
1519,15,random,alphabeta+frontier,white,14,50,-36
1520,16,random,alphabeta+frontier,white,18,46,-28
1521,17,random,alphabeta+frontier,white,23,41,-18
1522,18,random,alphabeta+frontier,white,25,39,-14
1523,19,random,alphabeta+frontier,white,21,43,-22
1524,20,random,alphabeta+frontier,black,33,31,2
1525,21,random,alphabeta+frontier,draw,32,32,0
1526,22,random,alphabeta+frontier,black,46,18,28
1527,23,random,alphabeta+frontier,black,34,30,4
1528,24,random,alphabeta+frontier,white,30,34,-4
1529,25,random,alphabeta+frontier,white,31,33,-2
1530,26,random,alphabeta+frontier,black,34,30,4
1531,27,random,alphabeta+frontier,black,34,30,4
1532,28,random,alphabeta+frontier,white,23,41,-18
1533,29,random,alphabeta+frontier,white,15,49,-34
1534,30,random,alphabeta+frontier,white,7,57,-50
1535,31,random,alphabeta+frontier,black,37,27,10
1536,32,random,alphabeta+frontier,black,39,25,14
1537,1,random,random,white,29,35,-6
1538,2,random,random,black,34,30,4
1539,3,random,random,white,24,40,-16
1540,4,random,random,white,31,33,-2
1541,5,random,random,white,26,38,-12
1542,6,random,random,black,33,31,2
1543,7,random,random,black,42,22,20
1544,8,random,random,white,17,47,-30
1545,9,random,random,white,29,35,-6
1546,10,random,random,black,38,26,12
1547,11,random,random,black,39,25,14
1548,12,random,random,black,34,30,4
1549,13,random,random,white,28,36,-8
1550,14,random,random,black,34,30,4
1551,15,random,random,black,40,24,16
1552,16,random,random,white,18,46,-28
1553,17,random,random,white,25,39,-14
1554,18,random,random,black,42,22,20
1555,19,random,random,black,40,24,16
1556,20,random,random,white,23,41,-18
1557,21,random,random,white,30,34,-4
1558,22,random,random,black,39,25,14
1559,23,random,random,white,21,43,-22
1560,24,random,random,white,29,35,-6
1561,25,random,random,black,41,23,18
1562,26,random,random,white,28,36,-8
1563,27,random,random,white,27,37,-10
1564,28,random,random,black,41,23,18
1565,29,random,random,white,24,40,-16
1566,30,random,random,white,22,42,-20
1567,31,random,random,white,18,46,-28
1568,32,random,random,black,50,14,36
